Workbook

Sheet Individual data from NASA
A1: Source | B1: Campaign | C1: Fuel | D1: Engine | E1: nPoints | F1: Aromatics | G1: Naph | H1: Sulfur | I1: Hydrogen | J1: TempC | K1: Thrust | L1: FF | M1: nvPM EIn | N1: VolEIn | O1: ColdEIn | P1: mBC | Q1: Org_Fract | R1: SO4_Fract | S1: mOrg | T1: mSO4 | U1: ColdGMD | V1: ColdVMD | W1: HotGMD | X1: HotVMD
A2: Moore (2015) | B2: APEX | C2: JP-8 | E2: 273 | F2: 17.6 | G2: 0.93 | H2: 383 | I2: 13.69 | J2: 28 | K2: 4 | L2: NA | M2: 2.49e+15 | N2: 3.82e+16 | O2: 4.07e+16 | P2: 52.74 | Q2: NA | R2: NA | S2: NA | T2: NA | U2: 16.9 | V2: 32.6 | W2: 12.4 | X2: 37.2
A3: Moore (2015) | B3: APEX | C3: JP-8 | E3: 445 | F3: 17.6 | G3: 0.93 | H3: 383 | I3: 13.69 | J3: 32 | K3: 4 | L3: 0.098 | M3: 2.26e+15 | N3: 2.8e+16 | O3: 3.03e+16 | P3: 12.37 | Q3: 0.87 | R3: 0.13 | S3: 129.42829 | T3: 19.324948 | U3: 16.5 | V3: 27.2 | W3: 12.7 | X3: 28.8
A4: Moore (2015) | B4: APEX | C4: JP-8 | E4: 50 | F4: 17.6 | G4: 0.93 | H4: 383 | I4: 13.69 | J4: 34 | K4: 4 | L4: 0.094 | M4: 2.18e+15 | N4: 2.68e+16 | O4: 2.9e+16 | P4: 12.49 | Q4: 0.928 | R4: 0.072 | S4: 82.929467 | T4: 6.4095375 | U4: 15.1 | V4: 29 | W4: 11.8 | X4: 65.8
A5: Moore (2015) | B5: APEX | C5: JP-8 | E5: 266 | F5: 17.6 | G5: 0.93 | H5: 383 | I5: 13.69 | J5: 33 | K5: 4 | L5: 0.098 | M5: 1.79e+15 | N5: 2.26e+16 | O5: 2.44e+16 | P5: 11.33 | Q5: 0.769 | R5: 0.231 | S5: 86.26623 | T5: 25.879593 | U5: 16.4 | V5: 28.2 | W5: 12.7 | X5: 38.5
A6: Moore (2015) | B6: APEX | C6: JP-8 | E6: 674 | F6: 17.6 | G6: 0.93 | H6: 383 | I6: 13.69 | J6: 33 | K6: 4 | L6: 0.096 | M6: 1.88e+15 | N6: 2.2e+16 | O6: 2.39e+16 | P6: 9.77 | Q6: 0.863 | R6: 0.137 | S6: 111.66999 | T6: 17.689407 | U6: 16.4 | V6: 27.4 | W6: 12.5 | X6: 30.4
A7: Moore (2015) | B7: APEX | C7: JP-8 | E7: 262 | F7: 17.6 | G7: 0.93 | H7: 383 | I7: 13.69 | J7: 35 | K7: 4 | L7: 0.1 | M7: 1.73e+15 | N7: 2.73e+16 | O7: 2.91e+16 | P7: NA | Q7: NA | R7: NA | S7: NA | T7: NA | U7: 19.3 | V7: 28.7 | W7: 14.7 | X7: 30.5
A8: Moore (2015) | B8: APEX | C8: JP-8 | E8: 231 | F8: 17.6 | G8: 0.93 | H8: 383 | I8: 13.69 | J8: 22 | K8: 4 | L8: 0.093 | M8: 3.23e+15 | N8: 4.69e+16 | O8: 5.01e+16 | P8: NA | Q8: NA | R8: NA | S8: NA | T8: NA | U8: 16.3 | V8: 25 | W8: 11.2 | X8: 31.2
A9: Moore (2015) | B9: APEX | C9: JP-8 | E9: 395 | F9: 17.6 | G9: 0.93 | H9: 383 | I9: 13.69 | J9: 24 | K9: 4 | L9: 0.092 | M9: 2.99e+15 | N9: 4.64e+16 | O9: 4.94e+16 | P9: 14.05 | Q9: NA | R9: NA | S9: NA | T9: NA | U9: 16.2 | V9: 24.6 | W9: 11.3 | X9: 27
A10: Moore (2015) | B10: APEX | C10: Sulfur | E10: 154 | F10: 17.3 | G10: 1.31 | H10: 1595 | I10: 13.67 | J10: 33 | K10: 4 | L10: 0.096 | M10: 2.54e+15 | N10: 3.54e+16 | O10: 3.79e+16 | P10: NA | Q10: NA | R10: NA | S10: NA | T10: NA | U10: 15.8 | V10: 24.8 | W10: 12 | X10: 31.8
A11: Moore (2015) | B11: APEX | C11: Sulfur | E11: 217 | F11: 17.3 | G11: 1.31 | H11: 1595 | I11: 13.67 | J11: 33 | K11: 4 | L11: 0.096 | M11: 3.75e+15 | N11: 4.48e+16 | O11: 4.85e+16 | P11: NA | Q11: NA | R11: NA | S11: NA | T11: NA | U11: 16.3 | V11: 24 | W11: 12.4 | X11: 23.3
A12: Moore (2015) | B12: APEX | C12: Sulfur | E12: 265 | F12: 17.3 | G12: 1.31 | H12: 1595 | I12: 13.67 | J12: 33 | K12: 4 | L12: 0.096 | M12: 3.91e+15 | N12: 4.63e+16 | O12: 5.02e+16 | P12: 10.88 | Q12: NA | R12: NA | S12: NA | T12: NA | U12: 16.7 | V12: 23.7 | W12: 12.4 | X12: 23.1
A13: Moore (2015) | B13: APEX | C13: Sulfur | E13: 260 | F13: 17.3 | G13: 1.31 | H13: 1595 | I13: 13.67 | J13: 33 | K13: 4 | L13: 0.097 | M13: 3.78e+15 | N13: 5.83e+16 | O13: 6.21e+16 | P13: 8.42 | Q13: 0.685 | R13: 0.315 | S13: 107.30418 | T13: 49.446629 | U13: 16.8 | V13: 22.6 | W13: 12.5 | X13: 24.7
A14: Moore (2015) | B14: APEX | C14: Sulfur | E14: 249 | F14: 17.3 | G14: 1.31 | H14: 1595 | I14: 13.67 | J14: 25 | K14: 4 | L14: 0.097 | M14: 5.07e+15 | N14: 5.59e+16 | O14: 6.09e+16 | P14: -0.96 | Q14: NA | R14: NA | S14: NA | T14: NA | U14: 16.5 | V14: 22.1 | W14: 11.5 | X14: 19.1
A15: Moore (2015) | B15: APEX | C15: Sulfur | E15: 283 | F15: 17.3 | G15: 1.31 | H15: 1595 | I15: 13.67 | J15: 26 | K15: 4 | L15: 0.097 | M15: 4.53e+15 | N15: 5.48e+16 | O15: 5.93e+16 | P15: 11.73 | Q15: 0.771 | R15: 0.229 | S15: 110.26422 | T15: 32.831207 | U15: 16.2 | V15: 22.1 | W15: 11.5 | X15: 19.9
A16: Moore (2015) | B16: APEX | C16: Aromatic | E16: 222 | F16: 21.8 | G16: 1.34 | H16: 530 | I16: 13.7 | J16: 29 | K16: 4 | L16: 0.095 | M16: 2.76e+15 | N16: 3.41e+16 | O16: 3.68e+16 | P16: 11.46 | Q16: 0.824 | R16: 0.176 | S16: 59.20948 | T16: 12.609899 | U16: 14.1 | V16: 22.2 | W16: 11.3 | X16: 26.7
A17: Moore (2015) | B17: APEX | C17: Aromatic | E17: 339 | F17: 21.8 | G17: 1.34 | H17: 530 | I17: 13.7 | J17: 29 | K17: 4 | L17: 0.096 | M17: 1.45e+15 | N17: 3.29e+16 | O17: 3.44e+16 | P17: 9.2 | Q17: 0.787 | R17: 0.213 | S17: 45.17547 | T17: 12.239324 | U17: 13.2 | V17: 20.3 | W17: 10.5 | X17: 26.7
A18: Moore (2015) | B18: APEX | C18: Aromatic | E18: 267 | F18: 21.8 | G18: 1.34 | H18: 530 | I18: 13.7 | J18: 22 | K18: 4 | L18: 0.094 | M18: 4.8e+15 | N18: 5.29e+16 | O18: 5.77e+16 | P18: 21.14 | Q18: 0.962 | R18: 0.038 | S18: 239.16409 | T18: 9.4822273 | U18: 18.1 | V18: 25.6 | W18: 11.9 | X18: 28.5
A19: Moore (2015) | B19: APEX | C19: Aromatic | E19: 270 | F19: 21.8 | G19: 1.34 | H19: 530 | I19: 13.7 | J19: 19 | K19: 4 | L19: 0.096 | M19: 4.48e+15 | N19: 5.43e+16 | O19: 5.88e+16 | P19: 12.11 | Q19: 0.937 | R19: 0.063 | S19: 182.48056 | T19: 12.176999 | U19: 16.9 | V19: 23.4 | W19: 11.5 | X19: 22.6
A20: Moore (2015) | B20: APEX | C20: JP-8 | E20: 165 | F20: 17.6 | G20: 0.93 | H20: 383 | I20: 13.69 | J20: NA | K20: 4 | L20: NA | M20: NA | N20: NA | O20: NA | P20: 11.47 | Q20: NA | R20: NA | S20: NA | T20: NA | U20: 16.6 | V20: 29.3 | W20: NA | X20: NA
A21: Moore (2015) | B21: APEX | C21: JP-8 | E21: 131 | F21: 17.6 | G21: 0.93 | H21: 383 | I21: 13.69 | J21: NA | K21: 4 | L21: NA | M21: NA | N21: NA | O21: NA | P21: 41.9 | Q21: 0.929 | R21: 0.071 | S21: NA | T21: NA | U21: 19.3 | V21: 32 | W21: NA | X21: NA
A22: Moore (2015) | B22: AAFEX-I | C22: JP-8 | E22: 120 | F22: 18.6 | G22: 1.6 | H22: 1148 | I22: 13.6 | J22: 1.3 | K22: 4 | L22: 0.124 | M22: 2.65e+15 | N22: 3.72e+16 | O22: 3.99e+16 | P22: 40.07 | Q22: NA | R22: NA | S22: NA | T22: NA | U22: 21.6 | V22: 31.2 | W22: 12.9 | X22: 34.8
A23: Moore (2015) | B23: AAFEX-I | C23: JP-8 | E23: 140 | F23: 18.6 | G23: 1.6 | H23: 1148 | I23: 13.6 | J23: 1.6 | K23: 4 | L23: 0.152 | M23: 3.57e+15 | N23: 4.12e+16 | O23: 4.48e+16 | P23: 77.57 | Q23: NA | R23: NA | S23: NA | T23: NA | U23: 21.2 | V23: 31.9 | W23: 13.5 | X23: 38.9
A24: Moore (2015) | B24: AAFEX-I | C24: JP-8 | E24: 200 | F24: 18.6 | G24: 1.6 | H24: 1148 | I24: 13.6 | J24: 1.9 | K24: 4 | L24: 0.124 | M24: 2.27e+15 | N24: 3.89e+16 | O24: 4.11e+16 | P24: 23.83 | Q24: NA | R24: NA | S24: NA | T24: NA | U24: 19.3 | V24: 27.9 | W24: 12.6 | X24: 33.3
A25: Moore (2015) | B25: AAFEX-I | C25: JP-8 | E25: 180 | F25: 18.6 | G25: 1.6 | H25: 1148 | I25: 13.6 | J25: 2.1 | K25: 4 | L25: 0.152 | M25: 2.32e+15 | N25: 4.78e+16 | O25: 5.01e+16 | P25: 23.8 | Q25: NA | R25: NA | S25: NA | T25: NA | U25: 19.2 | V25: 27.7 | W25: 12.6 | X25: 34
A26: Moore (2015) | B26: AAFEX-I | C26: JP-8 | E26: 1360 | F26: 18.6 | G26: 1.6 | H26: 1148 | I26: 13.6 | J26: 3.4 | K26: 4 | L26: 0.124 | M26: 2.1e+15 | N26: 3.76e+16 | O26: 3.97e+16 | P26: 20.55 | Q26: NA | R26: NA | S26: NA | T26: NA | U26: 19.1 | V26: 27.1 | W26: 12.1 | X26: 32
A27: Moore (2015) | B27: AAFEX-I | C27: JP-8 | E27: 240 | F27: 18.6 | G27: 1.6 | H27: 1148 | I27: 13.6 | J27: 4.9 | K27: 4 | L27: 0.152 | M27: 6.58e+15 | N27: 1.74e+15 | O27: 8.32e+15 | P27: 85.79 | Q27: NA | R27: NA | S27: NA | T27: NA | U27: 20 | V27: 32.6 | W27: 11.9 | X27: 28.3
A28: Moore (2015) | B28: AAFEX-I | C28: JP-8 | E28: 306 | F28: 18.6 | G28: 1.6 | H28: 1148 | I28: 13.6 | J28: 6.2 | K28: 4 | L28: 0.137 | M28: 2.1e+15 | N28: 4.82e+16 | O28: 5.03e+16 | P28: 19.91 | Q28: NA | R28: NA | S28: NA | T28: NA | U28: 17.7 | V28: 24.3 | W28: 11.7 | X28: 27.3
A29: Moore (2015) | B29: AAFEX-I | C29: JP-8 | E29: 150 | F29: 18.6 | G29: 1.6 | H29: 1148 | I29: 13.6 | J29: 6.4 | K29: 4 | L29: 0.124 | M29: 2.11e+15 | N29: 3.82e+16 | O29: 4.03e+16 | P29: 18.66 | Q29: NA | R29: NA | S29: NA | T29: NA | U29: 18.5 | V29: 25.4 | W29: 11.8 | X29: 26.7
A30: Moore (2015) | B30: AAFEX-I | C30: JP-8 | E30: 113 | F30: 18.6 | G30: 1.6 | H30: 1148 | I30: 13.6 | J30: 7.3 | K30: 4 | L30: 0.138 | M30: 2.44e+15 | N30: 2.42e+16 | O30: 2.66e+16 | P30: 24.8 | Q30: NA | R30: NA | S30: NA | T30: NA | U30: 21.1 | V30: 42.1 | W30: 12.5 | X30: 79.8
A31: Moore (2015) | B31: AAFEX-I | C31: JP-8 | E31: 134 | F31: 18.6 | G31: 1.6 | H31: 1148 | I31: 13.6 | J31: 6.4 | K31: 4 | L31: 0.111 | M31: 2.74e+15 | N31: 3.85e+16 | O31: 4.12e+16 | P31: 21.24 | Q31: NA | R31: NA | S31: NA | T31: NA | U31: 19.9 | V31: 31.2 | W31: 12 | X31: 74.9
A32: Moore (2015) | B32: AAFEX-I | C32: JP-8 | E32: 720 | F32: 18.6 | G32: 1.6 | H32: 1148 | I32: 13.6 | J32: 8.8 | K32: 4 | L32: 0.124 | M32: 3.47e+15 | N32: 3.59e+16 | O32: 3.94e+16 | P32: 45.8 | Q32: NA | R32: NA | S32: NA | T32: NA | U32: 20 | V32: 31.5 | W32: 12.9 | X32: 39.4
A33: Moore (2015) | B33: AAFEX-I | C33: JP-8 | E33: 135 | F33: 18.6 | G33: 1.6 | H33: 1148 | I33: 13.6 | J33: 8.8 | K33: 4 | L33: 0.138 | M33: 2.52e+15 | N33: 7.05e+15 | O33: 9.57e+15 | P33: 31.31 | Q33: NA | R33: NA | S33: NA | T33: NA | U33: 17.1 | V33: 23.5 | W33: 12.1 | X33: 25.4
A34: Moore (2015) | B34: AAFEX-I | C34: JP-8 | E34: 120 | F34: 18.6 | G34: 1.6 | H34: 1148 | I34: 13.6 | J34: 10.2 | K34: 4 | L34: 0.151 | M34: 3.11e+15 | N34: 6.61e+16 | O34: 6.92e+16 | P34: 16.79 | Q34: NA | R34: NA | S34: NA | T34: NA | U34: 16 | V34: 22.9 | W34: 12 | X34: 30.5
A35: Moore (2015) | B35: AAFEX-I | C35: JP-8 | E35: 181 | F35: 18.6 | G35: 1.6 | H35: 1148 | I35: 13.6 | J35: -3.3 | K35: 4 | L35: 0.112 | M35: 3.29e+15 | N35: 4.46e+16 | O35: 4.79e+16 | P35: 33.72 | Q35: 0.996 | R35: 0.004 | S35: 468.57224 | T35: 1.652804 | U35: 21.6 | V35: 30.5 | W35: 12.6 | X35: 34.5
A36: Moore (2015) | B36: AAFEX-I | C36: JP-8 | E36: 118 | F36: 18.6 | G36: 1.6 | H36: 1148 | I36: 13.6 | J36: -2.9 | K36: 4 | L36: 0.14 | M36: 3.19e+15 | N36: 6.09e+16 | O36: 6.41e+16 | P36: 33.67 | Q36: NA | R36: NA | S36: NA | T36: NA | U36: 20.1 | V36: 28.9 | W36: 12.1 | X36: 33.4
A37: Moore (2015) | B37: AAFEX-I | C37: JP-8 | E37: 127 | F37: 18.6 | G37: 1.6 | H37: 1148 | I37: 13.6 | J37: 3.9 | K37: 4 | L37: 0.138 | M37: 7.31e+15 | N37: 4.49e+15 | O37: 1.18e+16 | P37: 41.45 | Q37: NA | R37: NA | S37: NA | T37: NA | U37: 12.8 | V37: 29.2 | W37: 13.7 | X37: 38.7
A38: Moore (2015) | B38: AAFEX-I | C38: JP-8 | E38: 163 | F38: 18.6 | G38: 1.6 | H38: 1148 | I38: 13.6 | J38: 4 | K38: 4 | L38: 0.138 | M38: NA | N38: NA | O38: 5.38e+16 | P38: 25.79 | Q38: 0.99 | R38: 0.01 | S38: 66.06307 | T38: 0.67853032 | U38: 19.1 | V38: 26.9 | W38: 19.8 | X38: 28.7
A39: Moore (2015) | B39: AAFEX-I | C39: JP-8 | E39: 150 | F39: 18.6 | G39: 1.6 | H39: 1148 | I39: 13.6 | J39: 11.4 | K39: 4 | L39: 0.123 | M39: 9.62e+15 | N39: 2.74e+16 | O39: 3.71e+16 | P39: 28.6 | Q39: NA | R39: NA | S39: NA | T39: NA | U39: 19.8 | V39: 29.6 | W39: 20.2 | X39: 31
A40: Moore (2015) | B40: AAFEX-I | C40: FT1 | E40: 189 | F40: 0 | G40: 0 | H40: 19 | I40: 15.5 | J40: 11.6 | K40: 4 | L40: 0.137 | M40: NA | N40: NA | O40: 5.47e+16 | P40: 35.68 | Q40: NA | R40: NA | S40: NA | T40: NA | U40: 18.8 | V40: 28.9 | W40: 20.2 | X40: 34.8
A41: Moore (2015) | B41: AAFEX-I | C41: JP-8 | E41: 169 | F41: 18.6 | G41: 1.6 | H41: 1148 | I41: 13.6 | J41: 11.9 | K41: 4 | L41: 0.123 | M41: 2.64e+15 | N41: 1.03e+16 | O41: 1.29e+16 | P41: 16.05 | Q41: 0.979 | R41: 0.021 | S41: 172.22979 | T41: 3.6536092 | U41: 17.9 | V41: 26 | W41: 12.1 | X41: 35.5
A42: Moore (2015) | B42: AAFEX-I | C42: FT1 | E42: 180 | F42: 0 | G42: 0 | H42: 19 | I42: 15.5 | J42: 12.4 | K42: 4 | L42: 0.137 | M42: 181000000000000 | N42: 5.95e+15 | O42: 6.13e+15 | P42: 3.06 | Q42: 0.96 | R42: 0.04 | S42: 18.671765 | T42: 0.78019948 | U42: 11.2 | V42: 38.1 | W42: 18.3 | X42: 62.8
A43: Moore (2015) | B43: AAFEX-I | C43: FT1 | E43: 170 | F43: 0 | G43: 0 | H43: 19 | I43: 15.5 | J43: 14.9 | K43: 4 | L43: 0.137 | M43: 15900000000000 | N43: 5.48e+15 | O43: 5.49e+15 | P43: 9.32 | Q43: NA | R43: NA | S43: NA | T43: NA | U43: 10.5 | V43: 22.7 | W43: 18.6 | X43: 82.5
A44: Moore (2015) | B44: AAFEX-I | C44: FT1 | E44: 180 | F44: 0 | G44: 0 | H44: 19 | I44: 15.5 | J44: 15 | K44: 4 | L44: 0.137 | M44: 8790000000000 | N44: 22500000000000 | O44: 31200000000000 | P44: 9.76 | Q44: NA | R44: NA | S44: NA | T44: NA | U44: 11.7 | V44: 57.2 | W44: 18.1 | X44: 96.4
A45: Moore (2015) | B45: AAFEX-I | C45: JP-8 | E45: 148 | F45: 18.6 | G45: 1.6 | H45: 1148 | I45: 13.6 | J45: 4.2 | K45: 4 | L45: 0.138 | M45: NA | N45: NA | O45: NA | P45: NA | Q45: NA | R45: NA | S45: NA | T45: NA | U45: 14.7 | V45: 21.8 | W45: 15.2 | X45: 27.1
A46: Moore (2015) | B46: AAFEX-I | C46: FT1 | E46: 160 | F46: 0 | G46: 0 | H46: 19 | I46: 15.5 | J46: -0.6 | K46: 4 | L46: 0.14 | M46: 359000000000000 | N46: 2.14e+16 | O46: 2.17e+16 | P46: 22.83 | Q46: NA | R46: NA | S46: NA | T46: NA | U46: 13.7 | V46: 16.2 | W46: 11.6 | X46: 13.5
A47: Moore (2015) | B47: AAFEX-I | C47: JP-8 | E47: 180 | F47: 18.6 | G47: 1.6 | H47: 1148 | I47: 13.6 | J47: -0.7 | K47: 4 | L47: 0.112 | M47: 3.16e+15 | N47: 2.55e+16 | O47: 2.86e+16 | P47: 32.11 | Q47: 0.992 | R47: 0.008 | S47: 36.182693 | T47: 0.28201931 | U47: 15.3 | V47: 16.8 | W47: 11.4 | X47: 13.2
A48: Moore (2015) | B48: AAFEX-I | C48: FT1 | E48: 200 | F48: 0 | G48: 0 | H48: 19 | I48: 15.5 | J48: -0.8 | K48: 4 | L48: 0.14 | M48: 24200000000000 | N48: 4.85e+15 | O48: 4.87e+15 | P48: 5.96 | Q48: 0.893 | R48: 0.107 | S48: 2.3089598 | T48: 0.27657867 | U48: 10.3 | V48: 10.8 | W48: 11.5 | X48: 13.7
A49: Moore (2015) | B49: AAFEX-I | C49: FT1 | E49: 110 | F49: 0 | G49: 0 | H49: 19 | I49: 15.5 | J49: 5.2 | K49: 4 | L49: 0.137 | M49: 25900000000000 | N49: 6.99e+15 | O49: 7.02e+15 | P49: 6.24 | Q49: 0.999 | R49: 0.001 | S49: 6.903358 | T49: 0.00713933 | U49: 10.7 | V49: 11.6 | W49: 12.2 | X49: 14.4
A50: Moore (2015) | B50: AAFEX-I | C50: JP-8 | E50: 150 | F50: 18.6 | G50: 1.6 | H50: 1148 | I50: 13.6 | J50: 1.7 | K50: 4 | L50: 0.125 | M50: 3.01e+15 | N50: 4.08e+16 | O50: 4.38e+16 | P50: 23.82 | Q50: NA | R50: NA | S50: NA | T50: NA | U50: NA | V50: NA | W50: NA | X50: NA
A51: Moore (2015) | B51: AAFEX-I | C51: BlendFT1 | E51: 160 | F51: 8 | G51: 0.8 | H51: 699 | I51: 14.5 | J51: 0 | K51: 4 | L51: 0.139 | M51: 952000000000000 | N51: 3.85e+16 | O51: 3.95e+16 | P51: 6.57 | Q51: NA | R51: NA | S51: NA | T51: NA | U51: 14.8 | V51: 19.1 | W51: 11.1 | X51: 18.1
A52: Moore (2015) | B52: AAFEX-I | C52: BlendFT1 | E52: 170 | F52: 8 | G52: 0.8 | H52: 699 | I52: 14.5 | J52: 9.3 | K52: 4 | L52: 0.137 | M52: 1.2e+15 | N52: 4.61e+16 | O52: 4.73e+16 | P52: 4.75 | Q52: NA | R52: NA | S52: NA | T52: NA | U52: 13.9 | V52: 17.4 | W52: 11.6 | X52: 19.4
A53: Moore (2015) | B53: AAFEX-I | C53: JP-8 | E53: 210 | F53: 18.6 | G53: 1.6 | H53: 1148 | I53: 13.6 | J53: 13.7 | K53: 4 | L53: 0.122 | M53: 1.87e+15 | N53: 3.01e+16 | O53: 3.2e+16 | P53: 16.43 | Q53: NA | R53: NA | S53: NA | T53: NA | U53: 12.4 | V53: 18.3 | W53: 12.2 | X53: 24.6
A54: Moore (2015) | B54: AAFEX-I | C54: FT2 | E54: 170 | F54: 0.6 | G54: 0 | H54: 22 | I54: 15.1 | J54: 14.2 | K54: 4 | L54: 0.136 | M54: 70500000000000 | N54: 8.38e+15 | O54: 8.45e+15 | P54: 3.79 | Q54: NA | R54: NA | S54: NA | T54: NA | U54: 10.7 | V54: 12.8 | W54: 14.4 | X54: 34.2
A55: Moore (2015) | B55: AAFEX-I | C55: JP-8 | E55: 160 | F55: 18.6 | G55: 1.6 | H55: 1148 | I55: 13.6 | J55: -2.5 | K55: 4 | L55: NA | M55: 1.34e+16 | N55: 1.15e+17 | O55: 1.28e+17 | P55: 149.12 | Q55: NA | R55: NA | S55: NA | T55: NA | U55: 19.7 | V55: 28.2 | W55: 12.5 | X55: 31.7
A56: Moore (2015) | B56: AAFEX-I | C56: FT2 | E56: 150 | F56: 0.6 | G56: 0 | H56: 22 | I56: 15.1 | J56: -2.3 | K56: 4 | L56: 0.136 | M56: 203000000000000 | N56: 4.51e+15 | O56: 4.71e+15 | P56: 4.12 | Q56: 0.942 | R56: 0.058 | S56: 67.645045 | T56: 4.1997471 | U56: 17 | V56: 27.9 | W56: 12.5 | X56: 33.2
A57: Moore (2015) | B57: AAFEX-I | C57: JP-8 | E57: 160 | F57: 18.6 | G57: 1.6 | H57: 1148 | I57: 13.6 | J57: 9.2 | K57: 4 | L57: 0.344 | M57: 2.48e+15 | N57: 3.64e+16 | O57: 3.89e+16 | P57: 19.07 | Q57: 0.998 | R57: 0.002 | S57: 235.67009 | T57: 0.51523411 | U57: 18.2 | V57: 25.5 | W57: 12.2 | X57: 28.9
A58: Moore (2015) | B58: AAFEX-I | C58: BlendFT2 | E58: 130 | F58: 9.1 | G58: 0.8 | H58: 658 | I58: 14.3 | J58: 9.3 | K58: 4 | L58: 0.358 | M58: 999000000000000 | N58: 3.27e+16 | O58: 3.37e+16 | P58: 8.4 | Q58: 0.857 | R58: 0.143 | S58: 94.272175 | T58: 15.770549 | U58: 14.3 | V58: 19.3 | W58: 11.7 | X58: 31
A59: Moore (2015) | B59: AAFEX-I | C59: BlendFT2 | E59: 170 | F59: 9.1 | G59: 0.8 | H59: 658 | I59: 14.3 | J59: 14.1 | K59: 4 | L59: 0.151 | M59: 928000000000000 | N59: 2.83e+16 | O59: 2.92e+16 | P59: 6.39 | Q59: NA | R59: NA | S59: NA | T59: NA | U59: 13.7 | V59: 17.9 | W59: 11.9 | X59: 31.3
A60: Moore (2015) | B60: AAFEX-I | C60: JP-8 | E60: 110 | F60: 18.6 | G60: 1.6 | H60: 1148 | I60: 13.6 | J60: 14.6 | K60: 4 | L60: 0.138 | M60: 2.3e+15 | N60: 3.12e+16 | O60: 3.35e+16 | P60: 17.93 | Q60: NA | R60: NA | S60: NA | T60: NA | U60: 17.2 | V60: 24.8 | W60: 12.2 | X60: 29.4
A61: Moore (2015) | B61: AAFEX-I | C61: JP-8 | E61: 300 | F61: 18.6 | G61: 1.6 | H61: 1148 | I61: 13.6 | J61: 17.7 | K61: 4 | L61: 0.116 | M61: 388000000000000 | N61: 1.3e+16 | O61: 1.33e+16 | P61: 9.43 | Q61: NA | R61: NA | S61: NA | T61: NA | U61: 12.2 | V61: 20.6 | W61: 17.5 | X61: 58.4
A62: Moore (2015) | B62: AAFEX-I | C62: JP-8 | E62: 204 | F62: 18.6 | G62: 1.6 | H62: 1148 | I62: 13.6 | J62: 17.8 | K62: 4 | L62: 0.116 | M62: 2.27e+15 | N62: 3.01e+16 | O62: 3.24e+16 | P62: 16.52 | Q62: NA | R62: NA | S62: NA | T62: NA | U62: 16 | V62: 24.1 | W62: 12.3 | X62: 34.9
A63: Moore (2015) | B63: AAFEX-I | C63: JP-8 | E63: 190 | F63: 18.6 | G63: 1.6 | H63: 1148 | I63: 13.6 | J63: 17.7 | K63: 4 | L63: 0.136 | M63: 2.34e+15 | N63: 5.06e+16 | O63: 5.29e+16 | P63: 14.63 | Q63: NA | R63: NA | S63: NA | T63: NA | U63: 15.4 | V63: 22 | W63: 11.9 | X63: 35.9
A64: Moore (2015) | B64: AAFEX-I | C64: JP-8 | E64: 105 | F64: 18.6 | G64: 1.6 | H64: 1148 | I64: 13.6 | J64: 19.4 | K64: 4 | L64: 0.136 | M64: 2.53e+15 | N64: 4.27e+16 | O64: 4.52e+16 | P64: 28.73 | Q64: NA | R64: NA | S64: NA | T64: NA | U64: 15.9 | V64: 22.2 | W64: 11.8 | X64: 28.4
A65: Moore (2015) | B65: AAFEX-I | C65: JP-8 | E65: 180 | F65: 18.6 | G65: 1.6 | H65: 1148 | I65: 13.6 | J65: 19.3 | K65: 4 | L65: 0.109 | M65: 2.24e+15 | N65: 2.89e+16 | O65: 3.11e+16 | P65: 21.52 | Q65: NA | R65: NA | S65: NA | T65: NA | U65: 16.4 | V65: 24 | W65: 12.1 | X65: 31.6
A66: Moore (2015) | B66: AAFEX-I | C66: JP-8 | E66: 150 | F66: 18.6 | G66: 1.6 | H66: 1148 | I66: 13.6 | J66: 20 | K66: 4 | L66: 0.123 | M66: 2.01e+15 | N66: 2.73e+16 | O66: 2.93e+16 | P66: 14.46 | Q66: NA | R66: NA | S66: NA | T66: NA | U66: 16.1 | V66: 23.7 | W66: 12.1 | X66: 33.9
A67: Moore (2015) | B67: AAFEX-I | C67: JP-8 | E67: 185 | F67: 18.6 | G67: 1.6 | H67: 1148 | I67: 13.6 | J67: 20 | K67: 4 | L67: 0.136 | M67: 2.53e+15 | N67: 4.03e+16 | O67: 4.28e+16 | P67: 13.11 | Q67: NA | R67: NA | S67: NA | T67: NA | U67: 15.6 | V67: 21.9 | W67: 11.9 | X67: 29.4
A68: Moore (2015) | B68: AAFEX-II | C68: BlendHRJ | E68: 148 | F68: 10.2 | G68: 0.65 | H68: 276 | I68: 14.4 | J68: 23.9 | K68: 4 | L68: NA | M68: 1.32e+16 | N68: NA | O68: 1.29e+16 | P68: 3.23 | Q68: 0.871 | R68: 0.129 | S68: NA | T68: NA | U68: 12.2466 | V68: 19.7181 | W68: NA | X68: NA
A69: Moore (2015) | B69: AAFEX-II | C69: JP-8 | E69: 90 | F69: 21.8 | G69: 1.3 | H69: 188 | I69: 13.5 | J69: 25 | K69: 4 | L69: NA | M69: 1.78e+16 | N69: NA | O69: 1.39e+16 | P69: 3.59 | Q69: 0.891 | R69: 0.109 | S69: NA | T69: NA | U69: 12.0436 | V69: 20.2841 | W69: NA | X69: NA
A70: Moore (2015) | B70: AAFEX-II | C70: BlendHRJ | E70: 360 | F70: 10.2 | G70: 0.65 | H70: 276 | I70: 14.4 | J70: 27.8 | K70: 4 | L70: NA | M70: 1.23e+15 | N70: 1.31e+16 | O70: 1.44e+16 | P70: 9.29 | Q70: 0.863 | R70: 0.137 | S70: NA | T70: NA | U70: 12.2259 | V70: 21.6009 | W70: NA | X70: NA
A71: Moore (2015) | B71: AAFEX-II | C71: BlendHRJ | E71: 120 | F71: 10.2 | G71: 0.65 | H71: 276 | I71: 14.4 | J71: 28.3 | K71: 4 | L71: NA | M71: 1.63e+15 | N71: 1.64e+16 | O71: 1.8e+16 | P71: 8.03 | Q71: 0.862 | R71: 0.138 | S71: NA | T71: NA | U71: 13.412 | V71: 22.8444 | W71: NA | X71: NA
A72: Moore (2015) | B72: AAFEX-II | C72: JP-8 | E72: 190 | F72: 21.8 | G72: 1.3 | H72: 188 | I72: 13.5 | J72: 9.4 | K72: 4 | L72: NA | M72: 1.37e+15 | N72: NA | O72: NA | P72: 17.49 | Q72: 0.893 | R72: 0.107 | S72: 81.338737 | T72: 9.7484629 | U72: 18.4194 | V72: 30.5686 | W72: 14.2 | X72: 37.6
A73: Moore (2015) | B73: AAFEX-II | C73: JP-8 | E73: 35 | F73: 21.8 | G73: 1.3 | H73: 188 | I73: 13.5 | J73: NA | K73: 4 | L73: NA | M73: 255000000000000 | N73: 64700000000000 | O73: 320000000000000 | P73: NA | Q73: NA | R73: NA | S73: NA | T73: NA | U73: NA | V73: NA | W73: NA | X73: NA
A74: Moore (2015) | B74: AAFEX-II | C74: JP-8 | E74: 50 | F74: 21.8 | G74: 1.3 | H74: 188 | I74: 13.5 | J74: 17.8 | K74: 4 | L74: NA | M74: 1.62e+16 | N74: 1.16e+16 | O74: 2.78e+16 | P74: 9.72 | Q74: 0.805 | R74: 0.195 | S74: NA | T74: NA | U74: 14.0856 | V74: 22.2847 | W74: NA | X74: NA
A75: Moore (2015) | B75: AAFEX-II | C75: JP-8 | E75: 130 | F75: 21.8 | G75: 1.3 | H75: 188 | I75: 13.5 | J75: 17.2 | K75: 4 | L75: NA | M75: 1.77e+15 | N75: 2.26e+16 | O75: 2.44e+16 | P75: 80.18 | Q75: 0.947 | R75: 0.053 | S75: 175.81815 | T75: 9.8405682 | U75: 14.8247 | V75: 51.3861 | W75: 14.4 | X75: 64.3
A76: Moore (2015) | B76: AAFEX-II | C76: JP-8 | E76: 150 | F76: 21.8 | G76: 1.3 | H76: 188 | I76: 13.5 | J76: 17.2 | K76: 4 | L76: NA | M76: 1.73e+15 | N76: 2.45e+16 | O76: 2.62e+16 | P76: 20.51 | Q76: 0.759 | R76: 0.241 | S76: 54.150323 | T76: 17.197957 | U76: 14.6384 | V76: 27.9969 | W76: 13.1 | X76: 35.6
A77: Moore (2015) | B77: AAFEX-II | C77: JP-8 | E77: 210 | F77: 21.8 | G77: 1.3 | H77: 188 | I77: 13.5 | J77: 17.2 | K77: 4 | L77: NA | M77: 1.34e+15 | N77: 2.35e+16 | O77: 2.48e+16 | P77: 16.78 | Q77: 0.689 | R77: 0.311 | S77: 40.563281 | T77: 18.301279 | U77: 13.1711 | V77: 26.8242 | W77: 12.7 | X77: 36.8
A78: Moore (2015) | B78: AAFEX-II | C78: HRJ | E78: 165 | F78: 0.4 | G78: 0 | H78: 6 | I78: 15.3 | J78: 6.7 | K78: 4 | L78: NA | M78: 312000000000000 | N78: 8.06e+15 | O78: 8.37e+15 | P78: 8.58 | Q78: 0.674 | R78: 0.326 | S78: 8.9140412 | T78: 4.3113664 | U78: 11.674 | V78: 38.3589 | W78: 12.8 | X78: 80.4
A79: Moore (2015) | B79: AAFEX-II | C79: JP-8 | E79: 180 | F79: 21.8 | G79: 1.3 | H79: 188 | I79: 13.5 | J79: 6.7 | K79: 4 | L79: NA | M79: 1.08e+15 | N79: 2.12e+16 | O79: 2.22e+16 | P79: 15.96 | Q79: 0.738 | R79: 0.262 | S79: 42.988864 | T79: 15.235064 | U79: 15.6369 | V79: 30.8839 | W79: 13 | X79: 44.3
A80: Moore (2015) | B80: AAFEX-II | C80: HRJ | E80: 483 | F80: 0.4 | G80: 0 | H80: 6 | I80: 15.3 | J80: 11.7 | K80: 4 | L80: NA | M80: 70300000000000 | N80: 6.09e+15 | O80: 6.16e+15 | P80: 5.08 | Q80: 0.646 | R80: 0.354 | S80: 7.3638453 | T80: 4.0292739 | U80: 10.8801 | V80: 40.1053 | W80: 15.7 | X80: 113.9
A81: Moore (2015) | B81: AAFEX-II | C81: HRJ | E81: 135 | F81: 0.4 | G81: 0 | H81: 6 | I81: 15.3 | J81: 15.6 | K81: 4 | L81: NA | M81: 61300000000000 | N81: 6.27e+15 | O81: 6.33e+15 | P81: 2.09 | Q81: 0.642 | R81: 0.358 | S81: 7.1181887 | T81: 3.9630997 | U81: 10.7257 | V81: 43.5506 | W81: 15.4 | X81: 119.2
A82: Moore (2015) | B82: AAFEX-II | C82: JP-8 | E82: 150 | F82: 21.8 | G82: 1.3 | H82: 188 | I82: 13.5 | J82: 16.1 | K82: 4 | L82: NA | M82: 1.57e+15 | N82: 1.48e+16 | O82: 1.63e+16 | P82: 20.96 | Q82: 0.74 | R82: 0.26 | S82: 59.560191 | T82: 20.933289 | U82: 15.7989 | V82: 30.4938 | W82: 12.9 | X82: 37.1
A83: Moore (2015) | B83: AAFEX-II | C83: HRJ | E83: 280 | F83: 0.4 | G83: 0 | H83: 6 | I83: 15.3 | J83: 19.4 | K83: 4 | L83: NA | M83: 33600000000000 | N83: 4.13e+15 | O83: 4.16e+15 | P83: 5.34 | Q83: NA | R83: NA | S83: NA | T83: NA | U83: 10.1761 | V83: 17.7152 | W83: 16.3 | X83: 56
A84: Moore (2015) | B84: AAFEX-II | C84: HRJ | E84: 135 | F84: 0.4 | G84: 0 | H84: 6 | I84: 15.3 | J84: 21.7 | K84: 4 | L84: NA | M84: 46000000000000 | N84: 3.64e+15 | O84: 3.69e+15 | P84: 6.75 | Q84: 0.687 | R84: 0.313 | S84: 4.5732427 | T84: 2.0818493 | U84: 10.3994 | V84: 48.0248 | W84: 15.1 | X84: 104.5
A85: Moore (2015) | B85: AAFEX-II | C85: JP-8 | E85: 125 | F85: 21.8 | G85: 1.3 | H85: 188 | I85: 13.5 | J85: 21.7 | K85: 4 | L85: NA | M85: 1.37e+15 | N85: 2.01e+16 | O85: 2.15e+16 | P85: 14.07 | Q85: 0.775 | R85: 0.225 | S85: 43.689605 | T85: 12.684079 | U85: 14.6495 | V85: 27.9311 | W85: 12.9 | X85: 39.2
A86: Moore (2015) | B86: AAFEX-II | C86: HRJ | E86: 150 | F86: 0.4 | G86: 0 | H86: 6 | I86: 15.3 | J86: 22.8 | K86: 4 | L86: NA | M86: 33700000000000 | N86: 2.44e+15 | O86: 2.48e+15 | P86: 3.82 | Q86: 0.715 | R86: 0.285 | S86: 1.8355153 | T86: 0.73109508 | U86: 9.87566 | V86: 78.5583 | W86: 15.9 | X86: 133.1
A87: Moore (2015) | B87: AAFEX-II | C87: FT | E87: 160 | F87: 1.4 | G87: 0 | H87: 4 | I87: 15 | J87: 10 | K87: 4 | L87: NA | M87: 140000000000000 | N87: 8.26e+15 | O87: 8.4e+15 | P87: 3 | Q87: 0.727 | R87: 0.273 | S87: 11.482289 | T87: 4.3206551 | U87: 10.9971 | V87: 41.6729 | W87: 14.2 | X87: 136
A88: Moore (2015) | B88: AAFEX-II | C88: JP-8 | E88: 375 | F88: 21.8 | G88: 1.3 | H88: 188 | I88: 13.5 | J88: 11.1 | K88: 4 | L88: NA | M88: 1.45e+15 | N88: 1.41e+16 | O88: 1.56e+16 | P88: 17.58 | Q88: 0.799 | R88: 0.201 | S88: 72.487454 | T88: 18.283186 | U88: 16.7046 | V88: 31.7352 | W88: 13 | X88: 39.4
A89: Moore (2015) | B89: AAFEX-II | C89: FT | E89: 140 | F89: 1.4 | G89: 0 | H89: 4 | I89: 15 | J89: 15.6 | K89: 4 | L89: NA | M89: 41600000000000 | N89: 5.14e+15 | O89: 5.19e+15 | P89: 4.21 | Q89: 0.697 | R89: 0.303 | S89: 7.7335035 | T89: 3.3652065 | U89: 10.4584 | V89: 61.7032 | W89: 16.5 | X89: 134.5
A90: Moore (2015) | B90: AAFEX-II | C90: BlendHRJ | E90: 150 | F90: 10.2 | G90: 0.65 | H90: 276 | I90: 14.4 | J90: 21.7 | K90: 4 | L90: NA | M90: 770000000000000 | N90: 1.83e+16 | O90: 1.9e+16 | P90: 1.92 | Q90: 0.701 | R90: 0.299 | S90: 29.315717 | T90: 12.495223 | U90: 12.3521 | V90: 31.0229 | W90: 11.6 | X90: 75.3
A91: Moore (2015) | B91: AAFEX-II | C91: BlendHRJ | E91: 95 | F91: 10.2 | G91: 0.65 | H91: 276 | I91: 14.4 | J91: 23.9 | K91: 4 | L91: NA | M91: 1.52e+15 | N91: 1.87e+16 | O91: 2.02e+16 | P91: 12.05 | Q91: 0.741 | R91: 0.259 | S91: 20.544399 | T91: 7.1757947 | U91: 12.7462 | V91: 22.4816 | W91: 10.6 | X91: 34.4
A92: Moore (2015) | B92: AAFEX-II | C92: FTS | E92: 185 | F92: 2.1 | G92: 0 | H92: 1083 | I92: 15 | J92: 8.3 | K92: 4 | L92: NA | M92: 580000000000000 | N92: 2.08e+16 | O92: 2.14e+16 | P92: 2.3 | Q92: 0.873 | R92: 0.127 | S92: 33.023258 | T92: 4.8209136 | U92: 13.9112 | V92: 22.5414 | W92: 11 | X92: 107.7
A93: Moore (2015) | B93: AAFEX-II | C93: JP-8 | E93: 120 | F93: 21.8 | G93: 1.3 | H93: 188 | I93: 13.5 | J93: 8.9 | K93: 4 | L93: NA | M93: 1.69e+15 | N93: 1.51e+16 | O93: 1.68e+16 | P93: 18.26 | Q93: 0.927 | R93: 0.073 | S93: 79.725129 | T93: 6.2529513 | U93: 17.6427 | V93: 29.9215 | W93: 13.3 | X93: 42.4
A94: Moore (2015) | B94: AAFEX-II | C94: FTS | E94: 450 | F94: 2.1 | G94: 0 | H94: 1083 | I94: 15 | J94: 18.3 | K94: 4 | L94: NA | M94: 338000000000000 | N94: 1.89e+16 | O94: 1.93e+16 | P94: 4.43 | Q94: NA | R94: NA | S94: NA | T94: NA | U94: 12.5883 | V94: 20.9504 | W94: 14.1 | X94: 155.8
A95: Moore (2015) | B95: AAFEX-II | C95: BlendHRJ | E95: 90 | F95: 10.2 | G95: 0.65 | H95: 276 | I95: 14.4 | J95: NA | K95: 4 | L95: NA | M95: 404000000000000 | N95: 1.39e+16 | O95: 1.43e+16 | P95: 3.85 | Q95: NA | R95: NA | S95: NA | T95: NA | U95: 12.2011 | V95: 22.8904 | W95: 13.1 | X95: 40.7
A96: Moore (2015) | B96: AAFEX-II | C96: BlendHRJ | E96: 267 | F96: 10.2 | G96: 0.65 | H96: 276 | I96: 14.4 | J96: 24.4 | K96: 4 | L96: NA | M96: 857000000000000 | N96: 1.51e+16 | O96: 1.59e+16 | P96: 4.59 | Q96: NA | R96: NA | S96: NA | T96: NA | U96: 12.1323 | V96: 21.8796 | W96: 10.9 | X96: 79.2
A97: Moore (2015) | B97: AAFEX-II | C97: JP-8 | E97: 160 | F97: 21.8 | G97: 1.3 | H97: 188 | I97: 13.5 | J97: 26.1 | K97: 4 | L97: NA | M97: 1.21e+15 | N97: 1.88e+16 | O97: 2e+16 | P97: 6.06 | Q97: NA | R97: NA | S97: NA | T97: NA | U97: 12.9236 | V97: 19.9045 | W97: 10.9 | X97: 30.3
A98: Moore (2015) | B98: ACCESS-I | C98: BlendHEFA | E98: 600 | F98: 8 | G98: 0.9 | H98: 500 | I98: 14.4 | J98: 19 | K98: 4 | L98: 0.085 | M98: 9.47e+15 | N98: 5.86e+16 | O98: 6.81e+16 | P98: 5.87 | Q98: 0.901 | R98: 0.099 | S98: 72.394689 | T98: 7.9112426 | U98: 14.3833 | V98: 18.8703 | W98: 12.1997 | X98: 65.7593
A99: Moore (2015) | B99: ACCESS-I | C99: JP-8 | E99: 600 | F99: 16 | G99: 1.4 | H99: 800 | I99: 13.9 | J99: 13.4 | K99: 4 | L99: 0.057 | M99: 1.46e+16 | N99: 7.54e+16 | O99: 9.01e+16 | P99: 15.45 | Q99: 0.781 | R99: 0.219 | S99: 92.479601 | T99: 25.908919 | U99: 15.7691 | V99: 22.4674 | W99: 13.622 | X99: 65.6735
A100: Moore (2015) | B100: ACCESS-I | C100: BlendHEFA | E100: 1080 | F100: 8 | G100: 0.9 | H100: 500 | I100: 14.4 | J100: 12.8 | K100: 4 | L100: 0.097 | M100: NA | N100: NA | O100: 3.3e+16 | P100: NA | Q100: NA | R100: NA | S100: NA | T100: NA | U100: 18.9384 | V100: 25.7671 | W100: 19.9787 | X100: 44.787
...

Sheet PM Emissions
A1: Source | B1: Campaign | C1: Ground level or cruise | D1: Engine | E1: Probe distance (m) | F1: Thrust setting | G1: Fuel | H1: Reference fuel | I1: Aromatics | J1: Naph | K1: Sulfur | L1: Hydrogen | M1: Temp | N1: TempK | O1: Thrust | P1: FF | Q1: nvPM EIn | R1: vPM EIn | S1: Total PM EIn | T1: mBC | U1: Org_Fract | V1: SO4_Fract | W1: mOrg | X1: mSO4 | Y1: nvPM number geometric diam | Z1: Total EI number geometric diam | AA1: nvPM EIn std dev | AB1: vPM EIn std dev | AC1: Total PM EIn std dev | AD1: Helper key | AE1: relative aromatics | AF1: relative naph | AG1: relative sulfur | AH1: relative Hydrogen | AI1: relative tempC | AJ1: relative TempK | AK1: relative thrust | AL1: relative FF | AM1: relative nvPM EIn | AN1: relative vPM EIn | AO1: relative total PM EIn | AP1: relative mBC | AQ1: relative Org Frac | AR1: relative SO4 Frac | AS1: ΔmOrg | AT1: relative mSO4 | AU1: relative nvPM number geometric diam | AV1: relative total aerosol number geometric diam | AW1: Ref Hydrogen | AX1: Δhydrogen | AY1: FF sea level | AZ1: Hydrogen measurement technique
A2: Markl (2024) | B2: ECLIF3 | C2: Cruise | D2: XWB-84 | E2: 50 | F2: Climb | G2: Ref Jet A | I2: 13.4 | J2: 0.35 | K2: 211 | L2: 14.08 | M2: 213.3 | N2: 213.3 | O2: 57.5 | P2: =2700 -> 2700 | Q2: =9.5*10^14 -> 950000000000000 | Y2: 24.2794 | Z2: 15.1591 | AA2: =(0.3)*10^15 -> 300000000000000 | AD2: =A2 & "|" & B2 & "|" & C2 & "|" & D2 & "|" & E2 &"|" & F2 -> Markl (2024)|ECLIF3|Cruise|XWB-84|50|Climb | AZ2: ASTM D7171
A3: Markl (2024) | B3: ECLIF3 | C3: Cruise | D3: XWB-84 | E3: 50 | F3: Climb | G3: 100% HEFA | H3: Ref Jet A | I3: 0.41 | J3: 0.002 | K3: 7 | L3: 15.11 | M3: 213.8 | N3: 213.8 | O3: 57.5 | P3: =2751.3 -> 2751.3 | Q3: =6.1*10^14 -> 610000000000000 | Y3: 30.0971 | Z3: 14.57 | AA3: =(0.07)*10^15 -> 7e+13 | AD3: =A3 & "|" & B3 & "|" & C3 & "|" & D3 & "|" & E3 &"|" & F3 -> Markl (2024)|ECLIF3|Cruise|XWB-84|50|Climb | AE3: {=I3 / _xlfn.XLOOKUP($AD3 & "|" & $H3, $AD:$AD & "|" & $G:$G, I:I)} -> 0.030597015 | AF3: {=J3 / _xlfn.XLOOKUP($AD3 & "|" & $H3, $AD:$AD & "|" & $G:$G, J:J)} -> 0.0057142857 | AG3: {=K3 / _xlfn.XLOOKUP($AD3 & "|" & $H3, $AD:$AD & "|" & $G:$G, K:K)} -> 0.033175355 | AH3: {=L3 / _xlfn.XLOOKUP($AD3 & "|" & $H3, $AD:$AD & "|" & $G:$G, L:L)} -> 1.0731534 | AI3: {=M3 / _xlfn.XLOOKUP($AD3 & "|" & $H3, $AD:$AD & "|" & $G:$G, M:M)} -> 1.0023441 | AJ3: {=N3 / _xlfn.XLOOKUP($AD3 & "|" & $H3, $AD:$AD & "|" & $G:$G, N:N)} -> 1.0023441 | AK3: {=O3 / _xlfn.XLOOKUP($AD3 & "|" & $H3, $AD:$AD & "|" & $G:$G, O:O)} -> 1 | AL3: {=P3 / _xlfn.XLOOKUP($AD3 & "|" & $H3, $AD:$AD & "|" & $G:$G, P:P)} -> 1.019 | AM3: {=Q3 / _xlfn.XLOOKUP($AD3 & "|" & $H3, $AD:$AD & "|" & $G:$G, Q:Q)} -> 0.64210526 | AU3: =(Y3)/Y2 -> 1.2396147 | AW3: {=_xlfn.XLOOKUP($AD3 & "|" & $H3, $AD:$AD & "|" & $G:$G, L:L)} -> 14.08 | AZ3: ASTM D7171
A4: Voigt (2021) | B4: ECLIF2/ND-MAX | C4: Cruise | D4: V2527-A5 | E4: 24000 | G4: Ref1 Jet A | I4: 18.8 | J4: 1.51 | K4: 1170 | L4: 13.67 | Y4: NA | Z4: 32.2006 | AD4: =A4 & "|" & B4 & "|" & C4 & "|" & D4 & "|" & E4 &"|" & F4 -> Voigt (2021)|ECLIF2/ND-MAX|Cruise|V2527-A5|24000| | AW4: {=_xlfn.XLOOKUP($AD4 & "|" & $H4, $AD:$AD & "|" & $G:$G, L:L)} -> #N/A | AZ4: ASTM D7171
A5: Voigt (2021) | B5: ECLIF2/ND-MAX | C5: Cruise | D5: V2527-A5 | E5: 24000 | F5: Climb | G5: Ref2 Jet A | I5: 17.2 | J5: 1.83 | K5: 1350 | L5: 13.73 | M5: 215 | N5: 215 | O5: =81 -> 81 | P5: 1180 | Q5: =4.9*10^15 -> 4.9e+15 | AA5: =(0.6)*10^15 -> 600000000000000 | AD5: =A5 & "|" & B5 & "|" & C5 & "|" & D5 & "|" & E5 &"|" & F5 -> Voigt (2021)|ECLIF2/ND-MAX|Cruise|V2527-A5|24000|Climb | AW5: {=_xlfn.XLOOKUP($AD5 & "|" & $H5, $AD:$AD & "|" & $G:$G, L:L)} -> #N/A | AZ5: ASTM D7171
A6: Voigt (2021) | B6: ECLIF2/ND-MAX | C6: Cruise | D6: V2527-A5 | E6: 24000 | F6: Climb | G6: Ref3 Jet A | I6: 18.6 | J6: 1.17 | K6: 120 | L6: 13.65 | M6: 215 | N6: 215 | Q6: =3.8*10^15 -> 3.8e+15 | AA6: =(0.9)*10^15 -> 900000000000000 | AD6: =A6 & "|" & B6 & "|" & C6 & "|" & D6 & "|" & E6 &"|" & F6 -> Voigt (2021)|ECLIF2/ND-MAX|Cruise|V2527-A5|24000|Climb | AW6: {=_xlfn.XLOOKUP($AD6 & "|" & $H6, $AD:$AD & "|" & $G:$G, L:L)} -> #N/A | AZ6: ASTM D7171
A7: Voigt (2021) | B7: ECLIF2/ND-MAX | C7: Cruise | D7: V2527-A5 | E7: 24000 | F7: Climb | G7: Ref4 Jet A | I7: 16.5 | J7: 0.13 | K7: 10 | L7: 14.08 | AD7: =A7 & "|" & B7 & "|" & C7 & "|" & D7 & "|" & E7 &"|" & F7 -> Voigt (2021)|ECLIF2/ND-MAX|Cruise|V2527-A5|24000|Climb | AW7: {=_xlfn.XLOOKUP($AD7 & "|" & $H7, $AD:$AD & "|" & $G:$G, L:L)} -> #N/A | AZ7: ASTM D7171
A8: Voigt (2021) | B8: ECLIF2/ND-MAX | C8: Cruise | D8: V2527-A5 | E8: 24000 | F8: Climb | G8: SSF1 (59% Ref1 + 41% FT) | H8: Ref2 Jet A | I8: 11.4 | J8: 0.82 | K8: 570 | L8: 14.36 | M8: 220 | N8: 220 | O8: 81 | P8: 820 | Q8: =2.5*10^15 -> 2.5e+15 | AA8: =(0.2)*10^15 -> 200000000000000 | AD8: =A8 & "|" & B8 & "|" & C8 & "|" & D8 & "|" & E8 &"|" & F8 -> Voigt (2021)|ECLIF2/ND-MAX|Cruise|V2527-A5|24000|Climb | AE8: {=I8 / _xlfn.XLOOKUP($AD8 & "|" & $H8, $AD:$AD & "|" & $G:$G, I:I)} -> 0.6627907 | AF8: {=J8 / _xlfn.XLOOKUP($AD8 & "|" & $H8, $AD:$AD & "|" & $G:$G, J:J)} -> 0.44808743 | AG8: {=K8 / _xlfn.XLOOKUP($AD8 & "|" & $H8, $AD:$AD & "|" & $G:$G, K:K)} -> 0.42222222 | AH8: {=L8 / _xlfn.XLOOKUP($AD8 & "|" & $H8, $AD:$AD & "|" & $G:$G, L:L)} -> 1.0458849 | AI8: {=M8 / _xlfn.XLOOKUP($AD8 & "|" & $H8, $AD:$AD & "|" & $G:$G, M:M)} -> 1.0232558 | AJ8: {=N8 / _xlfn.XLOOKUP($AD8 & "|" & $H8, $AD:$AD & "|" & $G:$G, N:N)} -> 1.0232558 | AK8: {=O8 / _xlfn.XLOOKUP($AD8 & "|" & $H8, $AD:$AD & "|" & $G:$G, O:O)} -> 1 | AL8: {=P8 / _xlfn.XLOOKUP($AD8 & "|" & $H8, $AD:$AD & "|" & $G:$G, P:P)} -> 0.69491525 | AM8: {=Q8 / _xlfn.XLOOKUP($AD8 & "|" & $H8, $AD:$AD & "|" & $G:$G, Q:Q)} -> 0.51020408 | AW8: {=_xlfn.XLOOKUP($AD8 & "|" & $H8, $AD:$AD & "|" & $G:$G, L:L)} -> 13.73 | AZ8: ASTM D7171
A9: Voigt (2021) | B9: ECLIF2/ND-MAX | C9: Cruise | D9: V2527-A5 | E9: 24000 | F9: Climb | G9: SAF1 (51% Ref3 + HEFA 49%) | H9: Ref2 Jet A | I9: 8.4 | J9: 0.61 | K9: 70 | L9: 14.4 | M9: 284 | N9: 284 | O9: 81 | P9: =1132 -> 1132 | Q9: =2.7*10^15 -> 2.7e+15 | AA9: =(0.6)*10^15 -> 600000000000000 | AD9: =A9 & "|" & B9 & "|" & C9 & "|" & D9 & "|" & E9 &"|" & F9 -> Voigt (2021)|ECLIF2/ND-MAX|Cruise|V2527-A5|24000|Climb | AE9: {=I9 / _xlfn.XLOOKUP($AD9 & "|" & $H9, $AD:$AD & "|" & $G:$G, I:I)} -> 0.48837209 | AF9: {=J9 / _xlfn.XLOOKUP($AD9 & "|" & $H9, $AD:$AD & "|" & $G:$G, J:J)} -> 0.33333333 | AG9: {=K9 / _xlfn.XLOOKUP($AD9 & "|" & $H9, $AD:$AD & "|" & $G:$G, K:K)} -> 0.051851852 | AH9: {=L9 / _xlfn.XLOOKUP($AD9 & "|" & $H9, $AD:$AD & "|" & $G:$G, L:L)} -> 1.0487983 | AI9: {=M9 / _xlfn.XLOOKUP($AD9 & "|" & $H9, $AD:$AD & "|" & $G:$G, M:M)} -> 1.3209302 | AJ9: {=N9 / _xlfn.XLOOKUP($AD9 & "|" & $H9, $AD:$AD & "|" & $G:$G, N:N)} -> 1.3209302 | AK9: {=O9 / _xlfn.XLOOKUP($AD9 & "|" & $H9, $AD:$AD & "|" & $G:$G, O:O)} -> 1 | AL9: {=P9 / _xlfn.XLOOKUP($AD9 & "|" & $H9, $AD:$AD & "|" & $G:$G, P:P)} -> 0.95932203 | AM9: {=Q9 / _xlfn.XLOOKUP($AD9 & "|" & $H9, $AD:$AD & "|" & $G:$G, Q:Q)} -> 0.55102041 | AW9: {=_xlfn.XLOOKUP($AD9 & "|" & $H9, $AD:$AD & "|" & $G:$G, L:L)} -> 13.73 | AZ9: ASTM D7171
A10: Voigt (2021) | B10: ECLIF2/ND-MAX | C10: Cruise | D10: V2527-A5 | E10: 24000 | F10: Climb | G10: SAF2 (70% Ref4 + HEFA 30%) | H10: Ref2 Jet A | I10: 9.5 | J10: 0.045 | K10: 10 | L10: 14.51 | M10: 218 | N10: 218 | O10: 81 | P10: =1091 -> 1091 | Q10: =2.3*10^15 -> 2.3e+15 | AA10: =(0.6)*10^15 -> 600000000000000 | AD10: =A10 & "|" & B10 & "|" & C10 & "|" & D10 & "|" & E10 &"|" & F10 -> Voigt (2021)|ECLIF2/ND-MAX|Cruise|V2527-A5|24000|Climb | AE10: {=I10 / _xlfn.XLOOKUP($AD10 & "|" & $H10, $AD:$AD & "|" & $G:$G, I:I)} -> 0.55232558 | AF10: {=J10 / _xlfn.XLOOKUP($AD10 & "|" & $H10, $AD:$AD & "|" & $G:$G, J:J)} -> 0.024590164 | AG10: {=K10 / _xlfn.XLOOKUP($AD10 & "|" & $H10, $AD:$AD & "|" & $G:$G, K:K)} -> 0.0074074074 | AH10: {=L10 / _xlfn.XLOOKUP($AD10 & "|" & $H10, $AD:$AD & "|" & $G:$G, L:L)} -> 1.0568099 | AI10: {=M10 / _xlfn.XLOOKUP($AD10 & "|" & $H10, $AD:$AD & "|" & $G:$G, M:M)} -> 1.0139535 | AJ10: {=N10 / _xlfn.XLOOKUP($AD10 & "|" & $H10, $AD:$AD & "|" & $G:$G, N:N)} -> 1.0139535 | AK10: {=O10 / _xlfn.XLOOKUP($AD10 & "|" & $H10, $AD:$AD & "|" & $G:$G, O:O)} -> 1 | AL10: {=P10 / _xlfn.XLOOKUP($AD10 & "|" & $H10, $AD:$AD & "|" & $G:$G, P:P)} -> 0.92457627 | AM10: {=Q10 / _xlfn.XLOOKUP($AD10 & "|" & $H10, $AD:$AD & "|" & $G:$G, Q:Q)} -> 0.46938776 | AW10: {=_xlfn.XLOOKUP($AD10 & "|" & $H10, $AD:$AD & "|" & $G:$G, L:L)} -> 13.73 | AZ10: ASTM D7171
A11: Lobo (2011) | B11: ARI & AFRL | C11: Ground | D11: CFM56-7B | E11: 1 | F11: Idle (min) | G11: Jet-A1 | I11: 18.5 | L11: 13.8 | M11: =4 + 273.15 -> 277.15 | N11: =4 + 273.15 -> 277.15 | O11: 3 | P11: 700 | AD11: =A11 & "|" & B11 & "|" & C11 & "|" & D11 & "|" & E11 &"|" & F11 -> Lobo (2011)|ARI & AFRL|Ground|CFM56-7B|1|Idle (min) | AW11: {=_xlfn.XLOOKUP($AD11 & "|" & $H11, $AD:$AD & "|" & $G:$G, L:L)} -> #N/A | AZ11: Unknown
A12: Lobo (2011) | B12: ARI & AFRL | C12: Ground | D12: CFM56-7B | E12: 1 | F12: Idle (min) | G12: 50% F-T/50% Jet-A1 | H12: Jet-A1 | I12: 9.25 | L12: 14.52 | M12: 273.15 | N12: 273.15 | O12: 3 | P12: 700 | AD12: =A12 & "|" & B12 & "|" & C12 & "|" & D12 & "|" & E12 &"|" & F12 -> Lobo (2011)|ARI & AFRL|Ground|CFM56-7B|1|Idle (min) | AE12: {=I12 / _xlfn.XLOOKUP($AD12 & "|" & $H12, $AD:$AD & "|" & $G:$G, I:I)} -> 0.5 | AF12: {=J12 / _xlfn.XLOOKUP($AD12 & "|" & $H12, $AD:$AD & "|" & $G:$G, J:J)} -> #DIV/0! | AG12: {=K12 / _xlfn.XLOOKUP($AD12 & "|" & $H12, $AD:$AD & "|" & $G:$G, K:K)} -> #DIV/0! | AH12: {=L12 / _xlfn.XLOOKUP($AD12 & "|" & $H12, $AD:$AD & "|" & $G:$G, L:L)} -> 1.0521739 | AI12: {=M12 / _xlfn.XLOOKUP($AD12 & "|" & $H12, $AD:$AD & "|" & $G:$G, M:M)} -> 0.98556738 | AJ12: {=N12 / _xlfn.XLOOKUP($AD12 & "|" & $H12, $AD:$AD & "|" & $G:$G, N:N)} -> 0.98556738 | AK12: {=O12 / _xlfn.XLOOKUP($AD12 & "|" & $H12, $AD:$AD & "|" & $G:$G, O:O)} -> 1 | AL12: {=P12 / _xlfn.XLOOKUP($AD12 & "|" & $H12, $AD:$AD & "|" & $G:$G, P:P)} -> 1 | AM12: =1-0.85 -> 0.15 | AP12: =1-0.84 -> 0.16 | AW12: {=_xlfn.XLOOKUP($AD12 & "|" & $H12, $AD:$AD & "|" & $G:$G, L:L)} -> 13.8 | AZ12: Unknown
A13: Lobo (2011) | B13: ARI & AFRL | C13: Ground | D13: CFM56-7B | E13: 1 | F13: Idle (min) | G13: 100% F-T | H13: Jet-A1 | I13: 0.2 | L13: 15.32 | M13: 273.15 | N13: 273.15 | O13: 3 | P13: 700 | AD13: =A13 & "|" & B13 & "|" & C13 & "|" & D13 & "|" & E13 &"|" & F13 -> Lobo (2011)|ARI & AFRL|Ground|CFM56-7B|1|Idle (min) | AE13: {=I13 / _xlfn.XLOOKUP($AD13 & "|" & $H13, $AD:$AD & "|" & $G:$G, I:I)} -> 0.010810811 | AF13: {=J13 / _xlfn.XLOOKUP($AD13 & "|" & $H13, $AD:$AD & "|" & $G:$G, J:J)} -> #DIV/0! | AG13: {=K13 / _xlfn.XLOOKUP($AD13 & "|" & $H13, $AD:$AD & "|" & $G:$G, K:K)} -> #DIV/0! | AH13: {=L13 / _xlfn.XLOOKUP($AD13 & "|" & $H13, $AD:$AD & "|" & $G:$G, L:L)} -> 1.1101449 | AI13: {=M13 / _xlfn.XLOOKUP($AD13 & "|" & $H13, $AD:$AD & "|" & $G:$G, M:M)} -> 0.98556738 | AJ13: {=N13 / _xlfn.XLOOKUP($AD13 & "|" & $H13, $AD:$AD & "|" & $G:$G, N:N)} -> 0.98556738 | AK13: {=O13 / _xlfn.XLOOKUP($AD13 & "|" & $H13, $AD:$AD & "|" & $G:$G, O:O)} -> 1 | AL13: {=P13 / _xlfn.XLOOKUP($AD13 & "|" & $H13, $AD:$AD & "|" & $G:$G, P:P)} -> 1 | AM13: =1-0.94 -> 0.06 | AP13: =1-0.9 -> 0.1 | AW13: {=_xlfn.XLOOKUP($AD13 & "|" & $H13, $AD:$AD & "|" & $G:$G, L:L)} -> 13.8 | AZ13: Unknown
A14: Lobo (2011) | B14: ARI & AFRL | C14: Ground | D14: CFM56-7B | E14: 1 | F14: Idle (approach) | G14: Jet-A1 | I14: 18.5 | L14: 13.8 | M14: =4 + 273.15 -> 277.15 | N14: =4 + 273.15 -> 277.15 | O14: 7 | P14: 940 | AD14: =A14 & "|" & B14 & "|" & C14 & "|" & D14 & "|" & E14 &"|" & F14 -> Lobo (2011)|ARI & AFRL|Ground|CFM56-7B|1|Idle (approach) | AW14: {=_xlfn.XLOOKUP($AD14 & "|" & $H14, $AD:$AD & "|" & $G:$G, L:L)} -> #N/A | AZ14: Unknown
A15: Lobo (2011) | B15: ARI & AFRL | C15: Ground | D15: CFM56-7B | E15: 1 | F15: Idle (approach) | G15: 50% F-T/50% Jet-A1 | H15: Jet-A1 | I15: 9.25 | L15: 14.52 | M15: 273.15 | N15: 273.15 | O15: 7 | P15: 940 | AD15: =A15 & "|" & B15 & "|" & C15 & "|" & D15 & "|" & E15 &"|" & F15 -> Lobo (2011)|ARI & AFRL|Ground|CFM56-7B|1|Idle (approach) | AE15: {=I15 / _xlfn.XLOOKUP($AD15 & "|" & $H15, $AD:$AD & "|" & $G:$G, I:I)} -> 0.5 | AF15: {=J15 / _xlfn.XLOOKUP($AD15 & "|" & $H15, $AD:$AD & "|" & $G:$G, J:J)} -> #DIV/0! | AG15: {=K15 / _xlfn.XLOOKUP($AD15 & "|" & $H15, $AD:$AD & "|" & $G:$G, K:K)} -> #DIV/0! | AH15: {=L15 / _xlfn.XLOOKUP($AD15 & "|" & $H15, $AD:$AD & "|" & $G:$G, L:L)} -> 1.0521739 | AI15: {=M15 / _xlfn.XLOOKUP($AD15 & "|" & $H15, $AD:$AD & "|" & $G:$G, M:M)} -> 0.98556738 | AJ15: {=N15 / _xlfn.XLOOKUP($AD15 & "|" & $H15, $AD:$AD & "|" & $G:$G, N:N)} -> 0.98556738 | AK15: {=O15 / _xlfn.XLOOKUP($AD15 & "|" & $H15, $AD:$AD & "|" & $G:$G, O:O)} -> 1 | AL15: {=P15 / _xlfn.XLOOKUP($AD15 & "|" & $H15, $AD:$AD & "|" & $G:$G, P:P)} -> 1 | AM15: =1-0.74 -> 0.26 | AP15: =1-0.65 -> 0.35 | AU15: =0.93 -> 0.93 | AW15: {=_xlfn.XLOOKUP($AD15 & "|" & $H15, $AD:$AD & "|" & $G:$G, L:L)} -> 13.8 | AZ15: Unknown
A16: Lobo (2011) | B16: ARI & AFRL | C16: Ground | D16: CFM56-7B | E16: 1 | F16: Idle (approach) | G16: 100% F-T | H16: Jet-A1 | I16: 0.2 | L16: 15.32 | M16: 273.15 | N16: 273.15 | O16: 7 | P16: 940 | AD16: =A16 & "|" & B16 & "|" & C16 & "|" & D16 & "|" & E16 &"|" & F16 -> Lobo (2011)|ARI & AFRL|Ground|CFM56-7B|1|Idle (approach) | AE16: {=I16 / _xlfn.XLOOKUP($AD16 & "|" & $H16, $AD:$AD & "|" & $G:$G, I:I)} -> 0.010810811 | AF16: {=J16 / _xlfn.XLOOKUP($AD16 & "|" & $H16, $AD:$AD & "|" & $G:$G, J:J)} -> #DIV/0! | AG16: {=K16 / _xlfn.XLOOKUP($AD16 & "|" & $H16, $AD:$AD & "|" & $G:$G, K:K)} -> #DIV/0! | AH16: {=L16 / _xlfn.XLOOKUP($AD16 & "|" & $H16, $AD:$AD & "|" & $G:$G, L:L)} -> 1.1101449 | AI16: {=M16 / _xlfn.XLOOKUP($AD16 & "|" & $H16, $AD:$AD & "|" & $G:$G, M:M)} -> 0.98556738 | AJ16: {=N16 / _xlfn.XLOOKUP($AD16 & "|" & $H16, $AD:$AD & "|" & $G:$G, N:N)} -> 0.98556738 | AK16: {=O16 / _xlfn.XLOOKUP($AD16 & "|" & $H16, $AD:$AD & "|" & $G:$G, O:O)} -> 1 | AL16: {=P16 / _xlfn.XLOOKUP($AD16 & "|" & $H16, $AD:$AD & "|" & $G:$G, P:P)} -> 1 | AM16: =1-0.93 -> 0.07 | AP16: =1-0.67 -> 0.33 | AU16: =0.8 -> 0.8 | AW16: {=_xlfn.XLOOKUP($AD16 & "|" & $H16, $AD:$AD & "|" & $G:$G, L:L)} -> 13.8 | AZ16: Unknown
A17: Lobo (2011) | B17: ARI & AFRL | C17: Ground | D17: CFM56-7B | E17: 1 | F17: Intermediate | G17: Jet-A1 | I17: 18.5 | L17: 13.8 | M17: =4 + 273.15 -> 277.15 | N17: =4 + 273.15 -> 277.15 | O17: 30 | P17: 2800 | AD17: =A17 & "|" & B17 & "|" & C17 & "|" & D17 & "|" & E17 &"|" & F17 -> Lobo (2011)|ARI & AFRL|Ground|CFM56-7B|1|Intermediate | AW17: {=_xlfn.XLOOKUP($AD17 & "|" & $H17, $AD:$AD & "|" & $G:$G, L:L)} -> #N/A | AZ17: Unknown
A18: Lobo (2011) | B18: ARI & AFRL | C18: Ground | D18: CFM56-7B | E18: 1 | F18: Intermediate | G18: 50% F-T/50% Jet-A1 | H18: Jet-A1 | I18: 9.25 | L18: 14.52 | M18: 273.15 | N18: 273.15 | O18: 30 | P18: 2800 | AD18: =A18 & "|" & B18 & "|" & C18 & "|" & D18 & "|" & E18 &"|" & F18 -> Lobo (2011)|ARI & AFRL|Ground|CFM56-7B|1|Intermediate | AE18: {=I18 / _xlfn.XLOOKUP($AD18 & "|" & $H18, $AD:$AD & "|" & $G:$G, I:I)} -> 0.5 | AF18: {=J18 / _xlfn.XLOOKUP($AD18 & "|" & $H18, $AD:$AD & "|" & $G:$G, J:J)} -> #DIV/0! | AG18: {=K18 / _xlfn.XLOOKUP($AD18 & "|" & $H18, $AD:$AD & "|" & $G:$G, K:K)} -> #DIV/0! | AH18: {=L18 / _xlfn.XLOOKUP($AD18 & "|" & $H18, $AD:$AD & "|" & $G:$G, L:L)} -> 1.0521739 | AI18: {=M18 / _xlfn.XLOOKUP($AD18 & "|" & $H18, $AD:$AD & "|" & $G:$G, M:M)} -> 0.98556738 | AJ18: {=N18 / _xlfn.XLOOKUP($AD18 & "|" & $H18, $AD:$AD & "|" & $G:$G, N:N)} -> 0.98556738 | AK18: {=O18 / _xlfn.XLOOKUP($AD18 & "|" & $H18, $AD:$AD & "|" & $G:$G, O:O)} -> 1 | AL18: {=P18 / _xlfn.XLOOKUP($AD18 & "|" & $H18, $AD:$AD & "|" & $G:$G, P:P)} -> 1 | AM18: =1-0.48 -> 0.52 | AP18: =1-0.63 -> 0.37 | AU18: =0.94 -> 0.94 | AW18: {=_xlfn.XLOOKUP($AD18 & "|" & $H18, $AD:$AD & "|" & $G:$G, L:L)} -> 13.8 | AZ18: Unknown
A19: Lobo (2011) | B19: ARI & AFRL | C19: Ground | D19: CFM56-7B | E19: 1 | F19: Intermediate | G19: 100% F-T | H19: Jet-A1 | I19: 0.2 | L19: 15.32 | M19: 273.15 | N19: 273.15 | O19: 30 | P19: 2800 | AD19: =A19 & "|" & B19 & "|" & C19 & "|" & D19 & "|" & E19 &"|" & F19 -> Lobo (2011)|ARI & AFRL|Ground|CFM56-7B|1|Intermediate | AE19: {=I19 / _xlfn.XLOOKUP($AD19 & "|" & $H19, $AD:$AD & "|" & $G:$G, I:I)} -> 0.010810811 | AF19: {=J19 / _xlfn.XLOOKUP($AD19 & "|" & $H19, $AD:$AD & "|" & $G:$G, J:J)} -> #DIV/0! | AG19: {=K19 / _xlfn.XLOOKUP($AD19 & "|" & $H19, $AD:$AD & "|" & $G:$G, K:K)} -> #DIV/0! | AH19: {=L19 / _xlfn.XLOOKUP($AD19 & "|" & $H19, $AD:$AD & "|" & $G:$G, L:L)} -> 1.1101449 | AI19: {=M19 / _xlfn.XLOOKUP($AD19 & "|" & $H19, $AD:$AD & "|" & $G:$G, M:M)} -> 0.98556738 | AJ19: {=N19 / _xlfn.XLOOKUP($AD19 & "|" & $H19, $AD:$AD & "|" & $G:$G, N:N)} -> 0.98556738 | AK19: {=O19 / _xlfn.XLOOKUP($AD19 & "|" & $H19, $AD:$AD & "|" & $G:$G, O:O)} -> 1 | AL19: {=P19 / _xlfn.XLOOKUP($AD19 & "|" & $H19, $AD:$AD & "|" & $G:$G, P:P)} -> 1 | AM19: =1-0.77 -> 0.23 | AP19: =1-0.89 -> 0.11 | AU19: =0.84 -> 0.84 | AW19: {=_xlfn.XLOOKUP($AD19 & "|" & $H19, $AD:$AD & "|" & $G:$G, L:L)} -> 13.8 | AZ19: Unknown
A20: Lobo (2011) | B20: ARI & AFRL | C20: Ground | D20: CFM56-7B | E20: 1 | F20: Mid-power | G20: Jet-A1 | I20: 18.5 | L20: 13.8 | M20: =4 + 273.15 -> 277.15 | N20: =4 + 273.15 -> 277.15 | O20: 45 | P20: 4200 | AD20: =A20 & "|" & B20 & "|" & C20 & "|" & D20 & "|" & E20 &"|" & F20 -> Lobo (2011)|ARI & AFRL|Ground|CFM56-7B|1|Mid-power | AW20: {=_xlfn.XLOOKUP($AD20 & "|" & $H20, $AD:$AD & "|" & $G:$G, L:L)} -> #N/A | AZ20: Unknown
A21: Lobo (2011) | B21: ARI & AFRL | C21: Ground | D21: CFM56-7B | E21: 1 | F21: Mid-power | G21: 50% F-T/50% Jet-A1 | H21: Jet-A1 | I21: 9.25 | L21: 14.52 | M21: 273.15 | N21: 273.15 | O21: 45 | P21: 4200 | AD21: =A21 & "|" & B21 & "|" & C21 & "|" & D21 & "|" & E21 &"|" & F21 -> Lobo (2011)|ARI & AFRL|Ground|CFM56-7B|1|Mid-power | AE21: {=I21 / _xlfn.XLOOKUP($AD21 & "|" & $H21, $AD:$AD & "|" & $G:$G, I:I)} -> 0.5 | AF21: {=J21 / _xlfn.XLOOKUP($AD21 & "|" & $H21, $AD:$AD & "|" & $G:$G, J:J)} -> #DIV/0! | AG21: {=K21 / _xlfn.XLOOKUP($AD21 & "|" & $H21, $AD:$AD & "|" & $G:$G, K:K)} -> #DIV/0! | AH21: {=L21 / _xlfn.XLOOKUP($AD21 & "|" & $H21, $AD:$AD & "|" & $G:$G, L:L)} -> 1.0521739 | AI21: {=M21 / _xlfn.XLOOKUP($AD21 & "|" & $H21, $AD:$AD & "|" & $G:$G, M:M)} -> 0.98556738 | AJ21: {=N21 / _xlfn.XLOOKUP($AD21 & "|" & $H21, $AD:$AD & "|" & $G:$G, N:N)} -> 0.98556738 | AK21: {=O21 / _xlfn.XLOOKUP($AD21 & "|" & $H21, $AD:$AD & "|" & $G:$G, O:O)} -> 1 | AL21: {=P21 / _xlfn.XLOOKUP($AD21 & "|" & $H21, $AD:$AD & "|" & $G:$G, P:P)} -> 1 | AM21: =1-0.44 -> 0.56 | AP21: =1-0.68 -> 0.32 | AW21: {=_xlfn.XLOOKUP($AD21 & "|" & $H21, $AD:$AD & "|" & $G:$G, L:L)} -> 13.8 | AZ21: Unknown
A22: Lobo (2011) | B22: ARI & AFRL | C22: Ground | D22: CFM56-7B | E22: 1 | F22: Mid-power | G22: 100% F-T | H22: Jet-A1 | I22: 0.2 | L22: 15.32 | M22: 273.15 | N22: 273.15 | O22: 45 | P22: 4200 | R22: =L21-L23 -> 0.72 | AD22: =A22 & "|" & B22 & "|" & C22 & "|" & D22 & "|" & E22 &"|" & F22 -> Lobo (2011)|ARI & AFRL|Ground|CFM56-7B|1|Mid-power | AE22: {=I22 / _xlfn.XLOOKUP($AD22 & "|" & $H22, $AD:$AD & "|" & $G:$G, I:I)} -> 0.010810811 | AF22: {=J22 / _xlfn.XLOOKUP($AD22 & "|" & $H22, $AD:$AD & "|" & $G:$G, J:J)} -> #DIV/0! | AG22: {=K22 / _xlfn.XLOOKUP($AD22 & "|" & $H22, $AD:$AD & "|" & $G:$G, K:K)} -> #DIV/0! | AH22: {=L22 / _xlfn.XLOOKUP($AD22 & "|" & $H22, $AD:$AD & "|" & $G:$G, L:L)} -> 1.1101449 | AI22: {=M22 / _xlfn.XLOOKUP($AD22 & "|" & $H22, $AD:$AD & "|" & $G:$G, M:M)} -> 0.98556738 | AJ22: {=N22 / _xlfn.XLOOKUP($AD22 & "|" & $H22, $AD:$AD & "|" & $G:$G, N:N)} -> 0.98556738 | AK22: {=O22 / _xlfn.XLOOKUP($AD22 & "|" & $H22, $AD:$AD & "|" & $G:$G, O:O)} -> 1 | AL22: {=P22 / _xlfn.XLOOKUP($AD22 & "|" & $H22, $AD:$AD & "|" & $G:$G, P:P)} -> 1 | AM22: =1-0.67 -> 0.33 | AP22: =1-0.89 -> 0.11 | AW22: {=_xlfn.XLOOKUP($AD22 & "|" & $H22, $AD:$AD & "|" & $G:$G, L:L)} -> 13.8 | AZ22: Unknown
A23: Lobo (2011) | B23: ARI & AFRL | C23: Ground | D23: CFM56-7B | E23: 1 | F23: Mid-high power | G23: Jet-A1 | I23: 18.5 | L23: 13.8 | M23: =4 + 273.15 -> 277.15 | N23: =4 + 273.15 -> 277.15 | O23: 65 | P23: 6350 | AD23: =A23 & "|" & B23 & "|" & C23 & "|" & D23 & "|" & E23 &"|" & F23 -> Lobo (2011)|ARI & AFRL|Ground|CFM56-7B|1|Mid-high power | AZ23: Unknown
A24: Lobo (2011) | B24: ARI & AFRL | C24: Ground | D24: CFM56-7B | E24: 1 | F24: Mid-high power | G24: 50% F-T/50% Jet-A1 | H24: Jet-A1 | I24: 9.25 | L24: 14.52 | M24: 273.15 | N24: 273.15 | O24: 65 | P24: 6350 | AD24: =A24 & "|" & B24 & "|" & C24 & "|" & D24 & "|" & E24 &"|" & F24 -> Lobo (2011)|ARI & AFRL|Ground|CFM56-7B|1|Mid-high power | AE24: {=I24 / _xlfn.XLOOKUP($AD24 & "|" & $H24, $AD:$AD & "|" & $G:$G, I:I)} -> 0.5 | AF24: {=J24 / _xlfn.XLOOKUP($AD24 & "|" & $H24, $AD:$AD & "|" & $G:$G, J:J)} -> #DIV/0! | AG24: {=K24 / _xlfn.XLOOKUP($AD24 & "|" & $H24, $AD:$AD & "|" & $G:$G, K:K)} -> #DIV/0! | AH24: {=L24 / _xlfn.XLOOKUP($AD24 & "|" & $H24, $AD:$AD & "|" & $G:$G, L:L)} -> 1.0521739 | AI24: {=M24 / _xlfn.XLOOKUP($AD24 & "|" & $H24, $AD:$AD & "|" & $G:$G, M:M)} -> 0.98556738 | AJ24: {=N24 / _xlfn.XLOOKUP($AD24 & "|" & $H24, $AD:$AD & "|" & $G:$G, N:N)} -> 0.98556738 | AK24: {=O24 / _xlfn.XLOOKUP($AD24 & "|" & $H24, $AD:$AD & "|" & $G:$G, O:O)} -> 1 | AL24: {=P24 / _xlfn.XLOOKUP($AD24 & "|" & $H24, $AD:$AD & "|" & $G:$G, P:P)} -> 1 | AM24: =1-0.3 -> 0.7 | AP24: =1-0.56 -> 0.44 | AW24: {=_xlfn.XLOOKUP($AD24 & "|" & $H24, $AD:$AD & "|" & $G:$G, L:L)} -> 13.8 | AZ24: Unknown
A25: Lobo (2011) | B25: ARI & AFRL | C25: Ground | D25: CFM56-7B | E25: 1 | F25: Mid-high power | G25: 100% F-T | H25: Jet-A1 | I25: 0.2 | L25: 15.32 | M25: 273.15 | N25: 273.15 | O25: 65 | P25: 6350 | AD25: =A25 & "|" & B25 & "|" & C25 & "|" & D25 & "|" & E25 &"|" & F25 -> Lobo (2011)|ARI & AFRL|Ground|CFM56-7B|1|Mid-high power | AE25: {=I25 / _xlfn.XLOOKUP($AD25 & "|" & $H25, $AD:$AD & "|" & $G:$G, I:I)} -> 0.010810811 | AF25: {=J25 / _xlfn.XLOOKUP($AD25 & "|" & $H25, $AD:$AD & "|" & $G:$G, J:J)} -> #DIV/0! | AG25: {=K25 / _xlfn.XLOOKUP($AD25 & "|" & $H25, $AD:$AD & "|" & $G:$G, K:K)} -> #DIV/0! | AH25: {=L25 / _xlfn.XLOOKUP($AD25 & "|" & $H25, $AD:$AD & "|" & $G:$G, L:L)} -> 1.1101449 | AI25: {=M25 / _xlfn.XLOOKUP($AD25 & "|" & $H25, $AD:$AD & "|" & $G:$G, M:M)} -> 0.98556738 | AJ25: {=N25 / _xlfn.XLOOKUP($AD25 & "|" & $H25, $AD:$AD & "|" & $G:$G, N:N)} -> 0.98556738 | AK25: {=O25 / _xlfn.XLOOKUP($AD25 & "|" & $H25, $AD:$AD & "|" & $G:$G, O:O)} -> 1 | AL25: {=P25 / _xlfn.XLOOKUP($AD25 & "|" & $H25, $AD:$AD & "|" & $G:$G, P:P)} -> 1 | AM25: =1-0.49 -> 0.51 | AP25: =1-0.79 -> 0.21 | AW25: {=_xlfn.XLOOKUP($AD25 & "|" & $H25, $AD:$AD & "|" & $G:$G, L:L)} -> 13.8 | AZ25: Unknown
A26: Lobo (2011) | B26: ARI & AFRL | C26: Ground | D26: CFM56-7B | E26: 1 | F26: Climb | G26: Jet-A1 | I26: 18.5 | L26: 13.8 | M26: =4 + 273.15 -> 277.15 | N26: =4 + 273.15 -> 277.15 | O26: 85 | P26: 8260 | AD26: =A26 & "|" & B26 & "|" & C26 & "|" & D26 & "|" & E26 &"|" & F26 -> Lobo (2011)|ARI & AFRL|Ground|CFM56-7B|1|Climb | AW26: {=_xlfn.XLOOKUP($AD26 & "|" & $H26, $AD:$AD & "|" & $G:$G, L:L)} -> #N/A | AZ26: Unknown
A27: Lobo (2011) | B27: ARI & AFRL | C27: Ground | D27: CFM56-7B | E27: 1 | F27: Climb | G27: 50% F-T/50% Jet-A1 | H27: Jet-A1 | I27: 9.25 | L27: 14.52 | M27: 273.15 | N27: 273.15 | O27: 85 | P27: 8260 | AD27: =A27 & "|" & B27 & "|" & C27 & "|" & D27 & "|" & E27 &"|" & F27 -> Lobo (2011)|ARI & AFRL|Ground|CFM56-7B|1|Climb | AE27: {=I27 / _xlfn.XLOOKUP($AD27 & "|" & $H27, $AD:$AD & "|" & $G:$G, I:I)} -> 0.5 | AF27: {=J27 / _xlfn.XLOOKUP($AD27 & "|" & $H27, $AD:$AD & "|" & $G:$G, J:J)} -> #DIV/0! | AG27: {=K27 / _xlfn.XLOOKUP($AD27 & "|" & $H27, $AD:$AD & "|" & $G:$G, K:K)} -> #DIV/0! | AH27: {=L27 / _xlfn.XLOOKUP($AD27 & "|" & $H27, $AD:$AD & "|" & $G:$G, L:L)} -> 1.0521739 | AI27: {=M27 / _xlfn.XLOOKUP($AD27 & "|" & $H27, $AD:$AD & "|" & $G:$G, M:M)} -> 0.98556738 | AJ27: {=N27 / _xlfn.XLOOKUP($AD27 & "|" & $H27, $AD:$AD & "|" & $G:$G, N:N)} -> 0.98556738 | AK27: {=O27 / _xlfn.XLOOKUP($AD27 & "|" & $H27, $AD:$AD & "|" & $G:$G, O:O)} -> 1 | AL27: {=P27 / _xlfn.XLOOKUP($AD27 & "|" & $H27, $AD:$AD & "|" & $G:$G, P:P)} -> 1 | AM27: =1-0.29 -> 0.71 | AP27: =1-0.36 -> 0.64 | AU27: =1.01 -> 1.01 | AW27: {=_xlfn.XLOOKUP($AD27 & "|" & $H27, $AD:$AD & "|" & $G:$G, L:L)} -> 13.8 | AZ27: Unknown
A28: Lobo (2011) | B28: ARI & AFRL | C28: Ground | D28: CFM56-7B | E28: 1 | F28: Climb | G28: 100% F-T | H28: Jet-A1 | I28: 0.2 | L28: 15.32 | M28: 273.15 | N28: 273.15 | O28: 85 | P28: 8260 | AD28: =A28 & "|" & B28 & "|" & C28 & "|" & D28 & "|" & E28 &"|" & F28 -> Lobo (2011)|ARI & AFRL|Ground|CFM56-7B|1|Climb | AE28: {=I28 / _xlfn.XLOOKUP($AD28 & "|" & $H28, $AD:$AD & "|" & $G:$G, I:I)} -> 0.010810811 | AF28: {=J28 / _xlfn.XLOOKUP($AD28 & "|" & $H28, $AD:$AD & "|" & $G:$G, J:J)} -> #DIV/0! | AG28: {=K28 / _xlfn.XLOOKUP($AD28 & "|" & $H28, $AD:$AD & "|" & $G:$G, K:K)} -> #DIV/0! | AH28: {=L28 / _xlfn.XLOOKUP($AD28 & "|" & $H28, $AD:$AD & "|" & $G:$G, L:L)} -> 1.1101449 | AI28: {=M28 / _xlfn.XLOOKUP($AD28 & "|" & $H28, $AD:$AD & "|" & $G:$G, M:M)} -> 0.98556738 | AJ28: {=N28 / _xlfn.XLOOKUP($AD28 & "|" & $H28, $AD:$AD & "|" & $G:$G, N:N)} -> 0.98556738 | AK28: {=O28 / _xlfn.XLOOKUP($AD28 & "|" & $H28, $AD:$AD & "|" & $G:$G, O:O)} -> 1 | AL28: {=P28 / _xlfn.XLOOKUP($AD28 & "|" & $H28, $AD:$AD & "|" & $G:$G, P:P)} -> 1 | AM28: =1-0.42 -> 0.58 | AP28: =1-0.6 -> 0.4 | AU28: =0.95 -> 0.95 | AW28: {=_xlfn.XLOOKUP($AD28 & "|" & $H28, $AD:$AD & "|" & $G:$G, L:L)} -> 13.8 | AZ28: Unknown
A29: Lobo (2011) | B29: ARI & AFRL | C29: Ground | D29: CFM56-7B | E29: 1 | F29: Take-off | G29: Jet-A1 | I29: 18.5 | L29: 13.8 | M29: =4 + 273.15 -> 277.15 | N29: =4 + 273.15 -> 277.15 | O29: 100 | P29: 10520 | AD29: =A29 & "|" & B29 & "|" & C29 & "|" & D29 & "|" & E29 &"|" & F29 -> Lobo (2011)|ARI & AFRL|Ground|CFM56-7B|1|Take-off | AW29: {=_xlfn.XLOOKUP($AD29 & "|" & $H29, $AD:$AD & "|" & $G:$G, L:L)} -> #N/A | AZ29: Unknown
A30: Lobo (2011) | B30: ARI & AFRL | C30: Ground | D30: CFM56-7B | E30: 1 | F30: Take-off | G30: 50% F-T/50% Jet-A1 | H30: Jet-A1 | I30: 9.25 | L30: 14.52 | M30: 273.15 | N30: 273.15 | O30: 100 | P30: 10520 | AD30: =A30 & "|" & B30 & "|" & C30 & "|" & D30 & "|" & E30 &"|" & F30 -> Lobo (2011)|ARI & AFRL|Ground|CFM56-7B|1|Take-off | AE30: {=I30 / _xlfn.XLOOKUP($AD30 & "|" & $H30, $AD:$AD & "|" & $G:$G, I:I)} -> 0.5 | AF30: {=J30 / _xlfn.XLOOKUP($AD30 & "|" & $H30, $AD:$AD & "|" & $G:$G, J:J)} -> #DIV/0! | AG30: {=K30 / _xlfn.XLOOKUP($AD30 & "|" & $H30, $AD:$AD & "|" & $G:$G, K:K)} -> #DIV/0! | AH30: {=L30 / _xlfn.XLOOKUP($AD30 & "|" & $H30, $AD:$AD & "|" & $G:$G, L:L)} -> 1.0521739 | AI30: {=M30 / _xlfn.XLOOKUP($AD30 & "|" & $H30, $AD:$AD & "|" & $G:$G, M:M)} -> 0.98556738 | AJ30: {=N30 / _xlfn.XLOOKUP($AD30 & "|" & $H30, $AD:$AD & "|" & $G:$G, N:N)} -> 0.98556738 | AK30: {=O30 / _xlfn.XLOOKUP($AD30 & "|" & $H30, $AD:$AD & "|" & $G:$G, O:O)} -> 1 | AL30: {=P30 / _xlfn.XLOOKUP($AD30 & "|" & $H30, $AD:$AD & "|" & $G:$G, P:P)} -> 1 | AM30: =1-0.22 -> 0.78 | AP30: =1-0.39 -> 0.61 | AU30: =0.92 -> 0.92 | AW30: {=_xlfn.XLOOKUP($AD30 & "|" & $H30, $AD:$AD & "|" & $G:$G, L:L)} -> 13.8 | AZ30: Unknown
A31: Lobo (2011) | B31: ARI & AFRL | C31: Ground | D31: CFM56-7B | E31: 1 | F31: Take-off | G31: 100% F-T | H31: Jet-A1 | I31: 0.2 | L31: 15.32 | M31: 273.15 | N31: 273.15 | O31: 100 | P31: 10520 | AD31: =A31 & "|" & B31 & "|" & C31 & "|" & D31 & "|" & E31 &"|" & F31 -> Lobo (2011)|ARI & AFRL|Ground|CFM56-7B|1|Take-off | AE31: {=I31 / _xlfn.XLOOKUP($AD31 & "|" & $H31, $AD:$AD & "|" & $G:$G, I:I)} -> 0.010810811 | AF31: {=J31 / _xlfn.XLOOKUP($AD31 & "|" & $H31, $AD:$AD & "|" & $G:$G, J:J)} -> #DIV/0! | AG31: {=K31 / _xlfn.XLOOKUP($AD31 & "|" & $H31, $AD:$AD & "|" & $G:$G, K:K)} -> #DIV/0! | AH31: {=L31 / _xlfn.XLOOKUP($AD31 & "|" & $H31, $AD:$AD & "|" & $G:$G, L:L)} -> 1.1101449 | AI31: {=M31 / _xlfn.XLOOKUP($AD31 & "|" & $H31, $AD:$AD & "|" & $G:$G, M:M)} -> 0.98556738 | AJ31: {=N31 / _xlfn.XLOOKUP($AD31 & "|" & $H31, $AD:$AD & "|" & $G:$G, N:N)} -> 0.98556738 | AK31: {=O31 / _xlfn.XLOOKUP($AD31 & "|" & $H31, $AD:$AD & "|" & $G:$G, O:O)} -> 1 | AL31: {=P31 / _xlfn.XLOOKUP($AD31 & "|" & $H31, $AD:$AD & "|" & $G:$G, P:P)} -> 1 | AM31: =1-0.38 -> 0.62 | AP31: =1-0.64 -> 0.36 | AU31: =0.93 -> 0.93 | AW31: {=_xlfn.XLOOKUP($AD31 & "|" & $H31, $AD:$AD & "|" & $G:$G, L:L)} -> 13.8 | AZ31: Unknown
A32: Timko (2010) | B32: Timko (2010) | C32: Ground | D32: PW308 | E32: 1 | F32: Idle (approach) | G32: JP-8 | I32: 19 | J32: =1.4 -> 1.4 | K32: 1230 | L32: 14 | M32: =20.95+273.15 -> 294.1 | N32: =20.95+273.15 -> 294.1 | O32: 7 | AD32: =A32 & "|" & B32 & "|" & C32 & "|" & D32 & "|" & E32 &"|" & F32 -> Timko (2010)|Timko (2010)|Ground|PW308|1|Idle (approach) | AU32: =0.88 -> 0.88 | AW32: {=_xlfn.XLOOKUP($AD32 & "|" & $H32, $AD:$AD & "|" & $G:$G, L:L)} -> #N/A | AZ32: ASTM D3343
A33: Timko (2010) | B33: Timko (2010) | C33: Ground | D33: PW308 | E33: 1 | F33: Idle (approach) | G33: 50% 50% blend | H33: JP-8 | I33: 9.5 | J33: 0.7 | K33: 650 | L33: 14.8 | M33: =20.95+273.15 -> 294.1 | N33: =20.95+273.15 -> 294.1 | O33: 7 | AD33: =A33 & "|" & B33 & "|" & C33 & "|" & D33 & "|" & E33 &"|" & F33 -> Timko (2010)|Timko (2010)|Ground|PW308|1|Idle (approach) | AE33: {=I33 / _xlfn.XLOOKUP($AD33 & "|" & $H33, $AD:$AD & "|" & $G:$G, I:I)} -> 0.5 | AF33: {=J33 / _xlfn.XLOOKUP($AD33 & "|" & $H33, $AD:$AD & "|" & $G:$G, J:J)} -> 0.5 | AG33: {=K33 / _xlfn.XLOOKUP($AD33 & "|" & $H33, $AD:$AD & "|" & $G:$G, K:K)} -> 0.52845528 | AH33: {=L33 / _xlfn.XLOOKUP($AD33 & "|" & $H33, $AD:$AD & "|" & $G:$G, L:L)} -> 1.0571429 | AI33: {=M33 / _xlfn.XLOOKUP($AD33 & "|" & $H33, $AD:$AD & "|" & $G:$G, M:M)} -> 1 | AJ33: {=N33 / _xlfn.XLOOKUP($AD33 & "|" & $H33, $AD:$AD & "|" & $G:$G, N:N)} -> 1 | AK33: {=O33 / _xlfn.XLOOKUP($AD33 & "|" & $H33, $AD:$AD & "|" & $G:$G, O:O)} -> 1 | AL33: {=P33 / _xlfn.XLOOKUP($AD33 & "|" & $H33, $AD:$AD & "|" & $G:$G, P:P)} -> #DIV/0! | AM33: =0.59 -> 0.59 | AP33: =0.78 -> 0.78 | AW33: {=_xlfn.XLOOKUP($AD33 & "|" & $H33, $AD:$AD & "|" & $G:$G, L:L)} -> 14 | AZ33: ASTM D3343
A34: Timko (2010) | B34: Timko (2010) | C34: Ground | D34: PW308 | E34: 1 | F34: Idle (approach) | G34: 100% F-T | H34: JP-8 | I34: 0.2 | J34: 0 | K34: =AVERAGE(L34:L34) -> 15.6 | L34: 15.6 | M34: =20.95+273.15 -> 294.1 | N34: =20.95+273.15 -> 294.1 | O34: 7 | AD34: =A34 & "|" & B34 & "|" & C34 & "|" & D34 & "|" & E34 &"|" & F34 -> Timko (2010)|Timko (2010)|Ground|PW308|1|Idle (approach) | AE34: {=I34 / _xlfn.XLOOKUP($AD34 & "|" & $H34, $AD:$AD & "|" & $G:$G, I:I)} -> 0.010526316 | AF34: {=J34 / _xlfn.XLOOKUP($AD34 & "|" & $H34, $AD:$AD & "|" & $G:$G, J:J)} -> 0 | AG34: {=K34 / _xlfn.XLOOKUP($AD34 & "|" & $H34, $AD:$AD & "|" & $G:$G, K:K)} -> 0.012682927 | AH34: {=L34 / _xlfn.XLOOKUP($AD34 & "|" & $H34, $AD:$AD & "|" & $G:$G, L:L)} -> 1.1142857 | AI34: {=M34 / _xlfn.XLOOKUP($AD34 & "|" & $H34, $AD:$AD & "|" & $G:$G, M:M)} -> 1 | AJ34: {=N34 / _xlfn.XLOOKUP($AD34 & "|" & $H34, $AD:$AD & "|" & $G:$G, N:N)} -> 1 | AK34: {=O34 / _xlfn.XLOOKUP($AD34 & "|" & $H34, $AD:$AD & "|" & $G:$G, O:O)} -> 1 | AL34: {=P34 / _xlfn.XLOOKUP($AD34 & "|" & $H34, $AD:$AD & "|" & $G:$G, P:P)} -> #DIV/0! | AM34: =0.09 -> 0.09 | AP34: =0.02 -> 0.02 | AW34: {=_xlfn.XLOOKUP($AD34 & "|" & $H34, $AD:$AD & "|" & $G:$G, L:L)} -> 14 | AZ34: ASTM D3343
A35: Timko (2010) | B35: Timko (2010) | C35: Ground | D35: PW308 | E35: 1 | F35: Intermediate | G35: JP-8 | I35: 19 | J35: =1.4 -> 1.4 | K35: 1230 | L35: 14 | M35: =20.95+273.15 -> 294.1 | N35: =20.95+273.15 -> 294.1 | O35: 30 | AD35: =A35 & "|" & B35 & "|" & C35 & "|" & D35 & "|" & E35 &"|" & F35 -> Timko (2010)|Timko (2010)|Ground|PW308|1|Intermediate | AW35: {=_xlfn.XLOOKUP($AD35 & "|" & $H35, $AD:$AD & "|" & $G:$G, L:L)} -> #N/A | AZ35: ASTM D3343
A36: Timko (2010) | B36: Timko (2010) | C36: Ground | D36: PW308 | E36: 1 | F36: Intermediate | G36: 50% 50% blend | H36: JP-8 | I36: 9.5 | J36: 0.7 | K36: 650 | L36: 14.8 | M36: =20.95+273.15 -> 294.1 | N36: =20.95+273.15 -> 294.1 | O36: 30 | AD36: =A36 & "|" & B36 & "|" & C36 & "|" & D36 & "|" & E36 &"|" & F36 -> Timko (2010)|Timko (2010)|Ground|PW308|1|Intermediate | AE36: {=I36 / _xlfn.XLOOKUP($AD36 & "|" & $H36, $AD:$AD & "|" & $G:$G, I:I)} -> 0.5 | AF36: {=J36 / _xlfn.XLOOKUP($AD36 & "|" & $H36, $AD:$AD & "|" & $G:$G, J:J)} -> 0.5 | AG36: {=K36 / _xlfn.XLOOKUP($AD36 & "|" & $H36, $AD:$AD & "|" & $G:$G, K:K)} -> 0.52845528 | AH36: {=L36 / _xlfn.XLOOKUP($AD36 & "|" & $H36, $AD:$AD & "|" & $G:$G, L:L)} -> 1.0571429 | AI36: {=M36 / _xlfn.XLOOKUP($AD36 & "|" & $H36, $AD:$AD & "|" & $G:$G, M:M)} -> 1 | AJ36: {=N36 / _xlfn.XLOOKUP($AD36 & "|" & $H36, $AD:$AD & "|" & $G:$G, N:N)} -> 1 | AK36: {=O36 / _xlfn.XLOOKUP($AD36 & "|" & $H36, $AD:$AD & "|" & $G:$G, O:O)} -> 1 | AL36: {=P36 / _xlfn.XLOOKUP($AD36 & "|" & $H36, $AD:$AD & "|" & $G:$G, P:P)} -> #DIV/0! | AM36: =0.57 -> 0.57 | AP36: =0.51 -> 0.51 | AW36: {=_xlfn.XLOOKUP($AD36 & "|" & $H36, $AD:$AD & "|" & $G:$G, L:L)} -> 14 | AZ36: ASTM D3343
A37: Timko (2010) | B37: Timko (2010) | C37: Ground | D37: PW308 | E37: 1 | F37: Intermediate | G37: 100% F-T | H37: JP-8 | I37: 0.2 | J37: 0 | K37: =AVERAGE(L37:L37) -> 15.6 | L37: 15.6 | M37: =20.95+273.15 -> 294.1 | N37: =20.95+273.15 -> 294.1 | O37: 30 | AD37: =A37 & "|" & B37 & "|" & C37 & "|" & D37 & "|" & E37 &"|" & F37 -> Timko (2010)|Timko (2010)|Ground|PW308|1|Intermediate | AE37: {=I37 / _xlfn.XLOOKUP($AD37 & "|" & $H37, $AD:$AD & "|" & $G:$G, I:I)} -> 0.010526316 | AF37: {=J37 / _xlfn.XLOOKUP($AD37 & "|" & $H37, $AD:$AD & "|" & $G:$G, J:J)} -> 0 | AG37: {=K37 / _xlfn.XLOOKUP($AD37 & "|" & $H37, $AD:$AD & "|" & $G:$G, K:K)} -> 0.012682927 | AH37: {=L37 / _xlfn.XLOOKUP($AD37 & "|" & $H37, $AD:$AD & "|" & $G:$G, L:L)} -> 1.1142857 | AI37: {=M37 / _xlfn.XLOOKUP($AD37 & "|" & $H37, $AD:$AD & "|" & $G:$G, M:M)} -> 1 | AJ37: {=N37 / _xlfn.XLOOKUP($AD37 & "|" & $H37, $AD:$AD & "|" & $G:$G, N:N)} -> 1 | AK37: {=O37 / _xlfn.XLOOKUP($AD37 & "|" & $H37, $AD:$AD & "|" & $G:$G, O:O)} -> 1 | AL37: {=P37 / _xlfn.XLOOKUP($AD37 & "|" & $H37, $AD:$AD & "|" & $G:$G, P:P)} -> #DIV/0! | AM37: =0.23 -> 0.23 | AP37: =0.11 -> 0.11 | AW37: {=_xlfn.XLOOKUP($AD37 & "|" & $H37, $AD:$AD & "|" & $G:$G, L:L)} -> 14 | AZ37: ASTM D3343
A38: Timko (2010) | B38: Timko (2010) | C38: Ground | D38: PW308 | E38: 1 | F38: Mid-high power | G38: JP-8 | I38: 19 | J38: =1.4 -> 1.4 | K38: 1230 | L38: 14 | M38: =20.95+273.15 -> 294.1 | N38: =20.95+273.15 -> 294.1 | O38: 65 | AD38: =A38 & "|" & B38 & "|" & C38 & "|" & D38 & "|" & E38 &"|" & F38 -> Timko (2010)|Timko (2010)|Ground|PW308|1|Mid-high power | AW38: {=_xlfn.XLOOKUP($AD38 & "|" & $H38, $AD:$AD & "|" & $G:$G, L:L)} -> #N/A | AZ38: ASTM D3343
A39: Timko (2010) | B39: Timko (2010) | C39: Ground | D39: PW308 | E39: 1 | F39: Mid-high power | G39: 50% 50% blend | H39: JP-8 | I39: 9.5 | J39: 0.7 | K39: 650 | L39: 14.8 | M39: =20.95+273.15 -> 294.1 | N39: =20.95+273.15 -> 294.1 | O39: 65 | AD39: =A39 & "|" & B39 & "|" & C39 & "|" & D39 & "|" & E39 &"|" & F39 -> Timko (2010)|Timko (2010)|Ground|PW308|1|Mid-high power | AE39: {=I39 / _xlfn.XLOOKUP($AD39 & "|" & $H39, $AD:$AD & "|" & $G:$G, I:I)} -> 0.5 | AF39: {=J39 / _xlfn.XLOOKUP($AD39 & "|" & $H39, $AD:$AD & "|" & $G:$G, J:J)} -> 0.5 | AG39: {=K39 / _xlfn.XLOOKUP($AD39 & "|" & $H39, $AD:$AD & "|" & $G:$G, K:K)} -> 0.52845528 | AH39: {=L39 / _xlfn.XLOOKUP($AD39 & "|" & $H39, $AD:$AD & "|" & $G:$G, L:L)} -> 1.0571429 | AI39: {=M39 / _xlfn.XLOOKUP($AD39 & "|" & $H39, $AD:$AD & "|" & $G:$G, M:M)} -> 1 | AJ39: {=N39 / _xlfn.XLOOKUP($AD39 & "|" & $H39, $AD:$AD & "|" & $G:$G, N:N)} -> 1 | AK39: {=O39 / _xlfn.XLOOKUP($AD39 & "|" & $H39, $AD:$AD & "|" & $G:$G, O:O)} -> 1 | AL39: {=P39 / _xlfn.XLOOKUP($AD39 & "|" & $H39, $AD:$AD & "|" & $G:$G, P:P)} -> #DIV/0! | AM39: =0.8 -> 0.8 | AP39: =0.9 -> 0.9 | AW39: {=_xlfn.XLOOKUP($AD39 & "|" & $H39, $AD:$AD & "|" & $G:$G, L:L)} -> 14 | AZ39: ASTM D3343
A40: Timko (2010) | B40: Timko (2010) | C40: Ground | D40: PW308 | E40: 1 | F40: Mid-high power | G40: 100% F-T | H40: JP-8 | I40: 0.2 | J40: 0 | K40: =AVERAGE(L40:L40) -> 15.6 | L40: 15.6 | M40: =20.95+273.15 -> 294.1 | N40: =20.95+273.15 -> 294.1 | O40: 65 | AD40: =A40 & "|" & B40 & "|" & C40 & "|" & D40 & "|" & E40 &"|" & F40 -> Timko (2010)|Timko (2010)|Ground|PW308|1|Mid-high power | AE40: {=I40 / _xlfn.XLOOKUP($AD40 & "|" & $H40, $AD:$AD & "|" & $G:$G, I:I)} -> 0.010526316 | AF40: {=J40 / _xlfn.XLOOKUP($AD40 & "|" & $H40, $AD:$AD & "|" & $G:$G, J:J)} -> 0 | AG40: {=K40 / _xlfn.XLOOKUP($AD40 & "|" & $H40, $AD:$AD & "|" & $G:$G, K:K)} -> 0.012682927 | AH40: {=L40 / _xlfn.XLOOKUP($AD40 & "|" & $H40, $AD:$AD & "|" & $G:$G, L:L)} -> 1.1142857 | AI40: {=M40 / _xlfn.XLOOKUP($AD40 & "|" & $H40, $AD:$AD & "|" & $G:$G, M:M)} -> 1 | AJ40: {=N40 / _xlfn.XLOOKUP($AD40 & "|" & $H40, $AD:$AD & "|" & $G:$G, N:N)} -> 1 | AK40: {=O40 / _xlfn.XLOOKUP($AD40 & "|" & $H40, $AD:$AD & "|" & $G:$G, O:O)} -> 1 | AL40: {=P40 / _xlfn.XLOOKUP($AD40 & "|" & $H40, $AD:$AD & "|" & $G:$G, P:P)} -> #DIV/0! | AM40: =0.53 -> 0.53 | AP40: =0.42 -> 0.42 | AW40: {=_xlfn.XLOOKUP($AD40 & "|" & $H40, $AD:$AD & "|" & $G:$G, L:L)} -> 14 | AZ40: ASTM D3343
A41: Timko (2010) | B41: Timko (2010) | C41: Ground | D41: PW308 | E41: 1 | F41: Climb | G41: JP-8 | I41: 19 | J41: =1.4 -> 1.4 | K41: 1230 | L41: 14 | M41: =20.95+273.15 -> 294.1 | N41: =20.95+273.15 -> 294.1 | O41: 85 | X41: 3.5 | AD41: =A41 & "|" & B41 & "|" & C41 & "|" & D41 & "|" & E41 &"|" & F41 -> Timko (2010)|Timko (2010)|Ground|PW308|1|Climb | AW41: {=_xlfn.XLOOKUP($AD41 & "|" & $H41, $AD:$AD & "|" & $G:$G, L:L)} -> #N/A | AZ41: ASTM D3343
A42: Timko (2010) | B42: Timko (2010) | C42: Ground | D42: PW308 | E42: 1 | F42: Climb | G42: 50% 50% blend | H42: JP-8 | I42: 9.5 | J42: 0.7 | K42: 650 | L42: 14.8 | M42: =20.95+273.15 -> 294.1 | N42: =20.95+273.15 -> 294.1 | O42: 85 | X42: 1.5 | AD42: =A42 & "|" & B42 & "|" & C42 & "|" & D42 & "|" & E42 &"|" & F42 -> Timko (2010)|Timko (2010)|Ground|PW308|1|Climb | AE42: {=I42 / _xlfn.XLOOKUP($AD42 & "|" & $H42, $AD:$AD & "|" & $G:$G, I:I)} -> 0.5 | AF42: {=J42 / _xlfn.XLOOKUP($AD42 & "|" & $H42, $AD:$AD & "|" & $G:$G, J:J)} -> 0.5 | AG42: {=K42 / _xlfn.XLOOKUP($AD42 & "|" & $H42, $AD:$AD & "|" & $G:$G, K:K)} -> 0.52845528 | AH42: {=L42 / _xlfn.XLOOKUP($AD42 & "|" & $H42, $AD:$AD & "|" & $G:$G, L:L)} -> 1.0571429 | AI42: {=M42 / _xlfn.XLOOKUP($AD42 & "|" & $H42, $AD:$AD & "|" & $G:$G, M:M)} -> 1 | AJ42: {=N42 / _xlfn.XLOOKUP($AD42 & "|" & $H42, $AD:$AD & "|" & $G:$G, N:N)} -> 1 | AK42: {=O42 / _xlfn.XLOOKUP($AD42 & "|" & $H42, $AD:$AD & "|" & $G:$G, O:O)} -> 1 | AL42: {=P42 / _xlfn.XLOOKUP($AD42 & "|" & $H42, $AD:$AD & "|" & $G:$G, P:P)} -> #DIV/0! | AM42: =1.03 -> 1.03 | AP42: =1.01 -> 1.01 | AT42: =(X42)/X41 -> 0.42857143 | AW42: {=_xlfn.XLOOKUP($AD42 & "|" & $H42, $AD:$AD & "|" & $G:$G, L:L)} -> 14 | AZ42: ASTM D3343
A43: Timko (2010) | B43: Timko (2010) | C43: Ground | D43: PW308 | E43: 1 | F43: Climb | G43: 100% F-T | H43: JP-8 | I43: 0.2 | J43: 0 | K43: =AVERAGE(L43:L43) -> 15.6 | L43: 15.6 | M43: =20.95+273.15 -> 294.1 | N43: =20.95+273.15 -> 294.1 | O43: 85 | X43: 0 | AD43: =A43 & "|" & B43 & "|" & C43 & "|" & D43 & "|" & E43 &"|" & F43 -> Timko (2010)|Timko (2010)|Ground|PW308|1|Climb | AE43: {=I43 / _xlfn.XLOOKUP($AD43 & "|" & $H43, $AD:$AD & "|" & $G:$G, I:I)} -> 0.010526316 | AF43: {=J43 / _xlfn.XLOOKUP($AD43 & "|" & $H43, $AD:$AD & "|" & $G:$G, J:J)} -> 0 | AG43: {=K43 / _xlfn.XLOOKUP($AD43 & "|" & $H43, $AD:$AD & "|" & $G:$G, K:K)} -> 0.012682927 | AH43: {=L43 / _xlfn.XLOOKUP($AD43 & "|" & $H43, $AD:$AD & "|" & $G:$G, L:L)} -> 1.1142857 | AI43: {=M43 / _xlfn.XLOOKUP($AD43 & "|" & $H43, $AD:$AD & "|" & $G:$G, M:M)} -> 1 | AJ43: {=N43 / _xlfn.XLOOKUP($AD43 & "|" & $H43, $AD:$AD & "|" & $G:$G, N:N)} -> 1 | AK43: {=O43 / _xlfn.XLOOKUP($AD43 & "|" & $H43, $AD:$AD & "|" & $G:$G, O:O)} -> 1 | AL43: {=P43 / _xlfn.XLOOKUP($AD43 & "|" & $H43, $AD:$AD & "|" & $G:$G, P:P)} -> #DIV/0! | AM43: =0.66 -> 0.66 | AP43: 0.67 | AT43: =(X43)/X41 -> 0 | AW43: {=_xlfn.XLOOKUP($AD43 & "|" & $H43, $AD:$AD & "|" & $G:$G, L:L)} -> 14 | AZ43: ASTM D3343
A44: Corporan (2010) | B44: Corporan (2010) | C44: Ground | D44: F117-PW-100 | E44: 1 | F44: Idle | G44: JP-8 | I44: 19.1 | J44: 1.5 | K44: 800 | L44: 13.9 | M44: =37.1+273.15 -> 310.25 | N44: =37.1+273.15 -> 310.25 | O44: 4 | AD44: =A44 & "|" & B44 & "|" & C44 & "|" & D44 & "|" & E44 &"|" & F44 -> Corporan (2010)|Corporan (2010)|Ground|F117-PW-100|1|Idle | AW44: {=_xlfn.XLOOKUP($AD44 & "|" & $H44, $AD:$AD & "|" & $G:$G, L:L)} -> #N/A | AZ44: ASTM D3343
A45: Corporan (2010) | B45: Corporan (2010) | C45: Ground | D45: F117-PW-100 | E45: 1 | F45: Idle | G45: 50/50 Blend JP-8b/HRJ (tallow) | H45: JP-8 | I45: 9.5 | J45: 0.7 | K45: 500 | L45: 14.4 | M45: =37.1+273.15 -> 310.25 | N45: =37.1+273.15 -> 310.25 | O45: 4 | AD45: =A45 & "|" & B45 & "|" & C45 & "|" & D45 & "|" & E45 &"|" & F45 -> Corporan (2010)|Corporan (2010)|Ground|F117-PW-100|1|Idle | AE45: {=I45 / _xlfn.XLOOKUP($AD45 & "|" & $H45, $AD:$AD & "|" & $G:$G, I:I)} -> 0.4973822 | AF45: {=J45 / _xlfn.XLOOKUP($AD45 & "|" & $H45, $AD:$AD & "|" & $G:$G, J:J)} -> 0.46666667 | AG45: {=K45 / _xlfn.XLOOKUP($AD45 & "|" & $H45, $AD:$AD & "|" & $G:$G, K:K)} -> 0.625 | AH45: {=L45 / _xlfn.XLOOKUP($AD45 & "|" & $H45, $AD:$AD & "|" & $G:$G, L:L)} -> 1.0359712 | AI45: {=M45 / _xlfn.XLOOKUP($AD45 & "|" & $H45, $AD:$AD & "|" & $G:$G, M:M)} -> 1 | AJ45: {=N45 / _xlfn.XLOOKUP($AD45 & "|" & $H45, $AD:$AD & "|" & $G:$G, N:N)} -> 1 | AK45: {=O45 / _xlfn.XLOOKUP($AD45 & "|" & $H45, $AD:$AD & "|" & $G:$G, O:O)} -> 1 | AL45: {=P45 / _xlfn.XLOOKUP($AD45 & "|" & $H45, $AD:$AD & "|" & $G:$G, P:P)} -> #DIV/0! | AM45: =0.36 -> 0.36 | AW45: {=_xlfn.XLOOKUP($AD45 & "|" & $H45, $AD:$AD & "|" & $G:$G, L:L)} -> 13.9 | AZ45: ASTM D3343
A46: Corporan (2010) | B46: Corporan (2010) | C46: Ground | D46: F117-PW-100 | E46: 1 | F46: Idle | G46: 50/25/25 Blend JP-8a/HRJ (tallow)/FT (coal) | H46: JP-8 | I46: 10.6 | J46: 0.75 | K46: 500 | L46: 14.4 | M46: =37.1+273.15 -> 310.25 | N46: =37.1+273.15 -> 310.25 | O46: 4 | AD46: =A46 & "|" & B46 & "|" & C46 & "|" & D46 & "|" & E46 &"|" & F46 -> Corporan (2010)|Corporan (2010)|Ground|F117-PW-100|1|Idle | AE46: {=I46 / _xlfn.XLOOKUP($AD46 & "|" & $H46, $AD:$AD & "|" & $G:$G, I:I)} -> 0.55497382 | AF46: {=J46 / _xlfn.XLOOKUP($AD46 & "|" & $H46, $AD:$AD & "|" & $G:$G, J:J)} -> 0.5 | AG46: {=K46 / _xlfn.XLOOKUP($AD46 & "|" & $H46, $AD:$AD & "|" & $G:$G, K:K)} -> 0.625 | AH46: {=L46 / _xlfn.XLOOKUP($AD46 & "|" & $H46, $AD:$AD & "|" & $G:$G, L:L)} -> 1.0359712 | AI46: {=M46 / _xlfn.XLOOKUP($AD46 & "|" & $H46, $AD:$AD & "|" & $G:$G, M:M)} -> 1 | AJ46: {=N46 / _xlfn.XLOOKUP($AD46 & "|" & $H46, $AD:$AD & "|" & $G:$G, N:N)} -> 1 | AK46: {=O46 / _xlfn.XLOOKUP($AD46 & "|" & $H46, $AD:$AD & "|" & $G:$G, O:O)} -> 1 | AL46: {=P46 / _xlfn.XLOOKUP($AD46 & "|" & $H46, $AD:$AD & "|" & $G:$G, P:P)} -> #DIV/0! | AM46: =0.27 -> 0.27 | AW46: {=_xlfn.XLOOKUP($AD46 & "|" & $H46, $AD:$AD & "|" & $G:$G, L:L)} -> 13.9 | AZ46: ASTM D3343
A47: Corporan (2010) | B47: Corporan (2010) | C47: Ground | D47: F117-PW-100 | E47: 1 | F47: Intermediate | G47: JP-8 | I47: 19.1 | J47: 1.5 | K47: 800 | L47: 13.9 | M47: =37.1+273.15 -> 310.25 | N47: =37.1+273.15 -> 310.25 | O47: 33 | AD47: =A47 & "|" & B47 & "|" & C47 & "|" & D47 & "|" & E47 &"|" & F47 -> Corporan (2010)|Corporan (2010)|Ground|F117-PW-100|1|Intermediate | AW47: {=_xlfn.XLOOKUP($AD47 & "|" & $H47, $AD:$AD & "|" & $G:$G, L:L)} -> #N/A | AZ47: ASTM D3343
A48: Corporan (2010) | B48: Corporan (2010) | C48: Ground | D48: F117-PW-100 | E48: 1 | F48: Intermediate | G48: 50/50 Blend JP-8b/HRJ (tallow) | H48: JP-8 | I48: 9.5 | J48: 0.7 | K48: 500 | L48: 14.4 | M48: =37.1+273.15 -> 310.25 | N48: =37.1+273.15 -> 310.25 | O48: 33 | AD48: =A48 & "|" & B48 & "|" & C48 & "|" & D48 & "|" & E48 &"|" & F48 -> Corporan (2010)|Corporan (2010)|Ground|F117-PW-100|1|Intermediate | AE48: =(I48)/I$47 -> 0.4973822 | AF48: =(J48)/J$47 -> 0.46666667 | AG48: =(K48)/K$47 -> 0.625 | AH48: =(L48)-L$47 -> 0.5 | AI48: =(M48)/M$47 -> 1 | AJ48: =(N48)/N$47 -> 1 | AK48: =(O48)/O$47 -> 1 | AL48: =(P48)/P$47 -> #DIV/0! | AM48: =0.7 -> 0.7 | AW48: {=_xlfn.XLOOKUP($AD48 & "|" & $H48, $AD:$AD & "|" & $G:$G, L:L)} -> 13.9 | AZ48: ASTM D3343
A49: Corporan (2010) | B49: Corporan (2010) | C49: Ground | D49: F117-PW-100 | E49: 1 | F49: Intermediate | G49: 50/25/25 Blend JP-8a/HRJ (tallow)/FT (coal) | H49: JP-8 | I49: 10.6 | J49: 0.75 | K49: 500 | L49: 14.4 | M49: =37.1+273.15 -> 310.25 | N49: =37.1+273.15 -> 310.25 | O49: 33 | AD49: =A49 & "|" & B49 & "|" & C49 & "|" & D49 & "|" & E49 &"|" & F49 -> Corporan (2010)|Corporan (2010)|Ground|F117-PW-100|1|Intermediate | AE49: =(I49)/I$47 -> 0.55497382 | AF49: =(J49)/J$47 -> 0.5 | AG49: =(K49)/K$47 -> 0.625 | AH49: =(L49)-L$47 -> 0.5 | AI49: =(M49)/M$47 -> 1 | AJ49: =(N49)/N$47 -> 1 | AK49: =(O49)/O$47 -> 1 | AL49: =(P49)/P$47 -> #DIV/0! | AM49: =0.45 -> 0.45 | AW49: {=_xlfn.XLOOKUP($AD49 & "|" & $H49, $AD:$AD & "|" & $G:$G, L:L)} -> 13.9 | AZ49: ASTM D3343
A50: Corporan (2010) | B50: Corporan (2010) | C50: Ground | D50: F117-PW-100 | E50: 1 | F50: Mid-high power | G50: JP-8 | I50: 19.1 | J50: 1.5 | K50: 800 | L50: 13.9 | M50: =37.1+273.15 -> 310.25 | N50: =37.1+273.15 -> 310.25 | O50: 54 | AD50: =A50 & "|" & B50 & "|" & C50 & "|" & D50 & "|" & E50 &"|" & F50 -> Corporan (2010)|Corporan (2010)|Ground|F117-PW-100|1|Mid-high power | AW50: {=_xlfn.XLOOKUP($AD50 & "|" & $H50, $AD:$AD & "|" & $G:$G, L:L)} -> #N/A | AZ50: ASTM D3343
A51: Corporan (2010) | B51: Corporan (2010) | C51: Ground | D51: F117-PW-100 | E51: 1 | F51: Mid-high power | G51: 50/50 Blend JP-8b/HRJ (tallow) | H51: JP-8 | I51: 9.5 | J51: 0.7 | K51: 500 | L51: 14.4 | M51: =37.1+273.15 -> 310.25 | N51: =37.1+273.15 -> 310.25 | O51: 54 | AD51: =A51 & "|" & B51 & "|" & C51 & "|" & D51 & "|" & E51 &"|" & F51 -> Corporan (2010)|Corporan (2010)|Ground|F117-PW-100|1|Mid-high power | AE51: {=I51 / _xlfn.XLOOKUP($AD51 & "|" & $H51, $AD:$AD & "|" & $G:$G, I:I)} -> 0.4973822 | AF51: {=J51 / _xlfn.XLOOKUP($AD51 & "|" & $H51, $AD:$AD & "|" & $G:$G, J:J)} -> 0.46666667 | AG51: {=K51 / _xlfn.XLOOKUP($AD51 & "|" & $H51, $AD:$AD & "|" & $G:$G, K:K)} -> 0.625 | AH51: {=L51 / _xlfn.XLOOKUP($AD51 & "|" & $H51, $AD:$AD & "|" & $G:$G, L:L)} -> 1.0359712 | AI51: {=M51 / _xlfn.XLOOKUP($AD51 & "|" & $H51, $AD:$AD & "|" & $G:$G, M:M)} -> 1 | AJ51: {=N51 / _xlfn.XLOOKUP($AD51 & "|" & $H51, $AD:$AD & "|" & $G:$G, N:N)} -> 1 | AK51: {=O51 / _xlfn.XLOOKUP($AD51 & "|" & $H51, $AD:$AD & "|" & $G:$G, O:O)} -> 1 | AL51: {=P51 / _xlfn.XLOOKUP($AD51 & "|" & $H51, $AD:$AD & "|" & $G:$G, P:P)} -> #DIV/0! | AM51: =0.96 -> 0.96 | AW51: {=_xlfn.XLOOKUP($AD51 & "|" & $H51, $AD:$AD & "|" & $G:$G, L:L)} -> 13.9 | AZ51: ASTM D3343
A52: Corporan (2010) | B52: Corporan (2010) | C52: Ground | D52: F117-PW-100 | E52: 1 | F52: Mid-high power | G52: 50/25/25 Blend JP-8a/HRJ (tallow)/FT (coal) | H52: JP-8 | I52: 10.6 | J52: 0.75 | K52: 500 | L52: 14.4 | M52: =37.1+273.15 -> 310.25 | N52: =37.1+273.15 -> 310.25 | O52: 54 | AD52: =A52 & "|" & B52 & "|" & C52 & "|" & D52 & "|" & E52 &"|" & F52 -> Corporan (2010)|Corporan (2010)|Ground|F117-PW-100|1|Mid-high power | AE52: {=I52 / _xlfn.XLOOKUP($AD52 & "|" & $H52, $AD:$AD & "|" & $G:$G, I:I)} -> 0.55497382 | AF52: {=J52 / _xlfn.XLOOKUP($AD52 & "|" & $H52, $AD:$AD & "|" & $G:$G, J:J)} -> 0.5 | AG52: {=K52 / _xlfn.XLOOKUP($AD52 & "|" & $H52, $AD:$AD & "|" & $G:$G, K:K)} -> 0.625 | AH52: {=L52 / _xlfn.XLOOKUP($AD52 & "|" & $H52, $AD:$AD & "|" & $G:$G, L:L)} -> 1.0359712 | AI52: {=M52 / _xlfn.XLOOKUP($AD52 & "|" & $H52, $AD:$AD & "|" & $G:$G, M:M)} -> 1 | AJ52: {=N52 / _xlfn.XLOOKUP($AD52 & "|" & $H52, $AD:$AD & "|" & $G:$G, N:N)} -> 1 | AK52: {=O52 / _xlfn.XLOOKUP($AD52 & "|" & $H52, $AD:$AD & "|" & $G:$G, O:O)} -> 1 | AL52: {=P52 / _xlfn.XLOOKUP($AD52 & "|" & $H52, $AD:$AD & "|" & $G:$G, P:P)} -> #DIV/0! | AM52: =0.53 -> 0.53 | AW52: {=_xlfn.XLOOKUP($AD52 & "|" & $H52, $AD:$AD & "|" & $G:$G, L:L)} -> 13.9 | AZ52: ASTM D3343
A53: Corporan (2010) | B53: Corporan (2010) | C53: Ground | D53: F117-PW-100 | E53: 1 | F53: High power | G53: JP-8 | I53: 19.1 | J53: 1.5 | K53: 800 | L53: 13.9 | M53: =37.1+273.15 -> 310.25 | N53: =37.1+273.15 -> 310.25 | O53: 63 | AD53: =A53 & "|" & B53 & "|" & C53 & "|" & D53 & "|" & E53 &"|" & F53 -> Corporan (2010)|Corporan (2010)|Ground|F117-PW-100|1|High power | AW53: {=_xlfn.XLOOKUP($AD53 & "|" & $H53, $AD:$AD & "|" & $G:$G, L:L)} -> #N/A | AZ53: ASTM D3343
A54: Corporan (2010) | B54: Corporan (2010) | C54: Ground | D54: F117-PW-100 | E54: 1 | F54: High power | G54: 50/50 Blend JP-8b/HRJ (tallow) | H54: JP-8 | I54: 9.5 | J54: 0.7 | K54: 500 | L54: 14.4 | M54: =37.1+273.15 -> 310.25 | N54: =37.1+273.15 -> 310.25 | O54: 63 | AD54: =A54 & "|" & B54 & "|" & C54 & "|" & D54 & "|" & E54 &"|" & F54 -> Corporan (2010)|Corporan (2010)|Ground|F117-PW-100|1|High power | AE54: {=I54 / _xlfn.XLOOKUP($AD54 & "|" & $H54, $AD:$AD & "|" & $G:$G, I:I)} -> 0.4973822 | AF54: {=J54 / _xlfn.XLOOKUP($AD54 & "|" & $H54, $AD:$AD & "|" & $G:$G, J:J)} -> 0.46666667 | AG54: {=K54 / _xlfn.XLOOKUP($AD54 & "|" & $H54, $AD:$AD & "|" & $G:$G, K:K)} -> 0.625 | AH54: {=L54 / _xlfn.XLOOKUP($AD54 & "|" & $H54, $AD:$AD & "|" & $G:$G, L:L)} -> 1.0359712 | AI54: {=M54 / _xlfn.XLOOKUP($AD54 & "|" & $H54, $AD:$AD & "|" & $G:$G, M:M)} -> 1 | AJ54: {=N54 / _xlfn.XLOOKUP($AD54 & "|" & $H54, $AD:$AD & "|" & $G:$G, N:N)} -> 1 | AK54: {=O54 / _xlfn.XLOOKUP($AD54 & "|" & $H54, $AD:$AD & "|" & $G:$G, O:O)} -> 1 | AL54: {=P54 / _xlfn.XLOOKUP($AD54 & "|" & $H54, $AD:$AD & "|" & $G:$G, P:P)} -> #DIV/0! | AM54: =1.04 -> 1.04 | AW54: {=_xlfn.XLOOKUP($AD54 & "|" & $H54, $AD:$AD & "|" & $G:$G, L:L)} -> 13.9 | AZ54: ASTM D3343
A55: Corporan (2010) | B55: Corporan (2010) | C55: Ground | D55: F117-PW-100 | E55: 1 | F55: High power | G55: 50/25/25 Blend JP-8a/HRJ (tallow)/FT (coal) | H55: JP-8 | I55: 10.6 | J55: 0.75 | K55: 500 | L55: 14.4 | M55: =37.1+273.15 -> 310.25 | N55: =37.1+273.15 -> 310.25 | O55: 63 | AD55: =A55 & "|" & B55 & "|" & C55 & "|" & D55 & "|" & E55 &"|" & F55 -> Corporan (2010)|Corporan (2010)|Ground|F117-PW-100|1|High power | AE55: {=I55 / _xlfn.XLOOKUP($AD55 & "|" & $H55, $AD:$AD & "|" & $G:$G, I:I)} -> 0.55497382 | AF55: {=J55 / _xlfn.XLOOKUP($AD55 & "|" & $H55, $AD:$AD & "|" & $G:$G, J:J)} -> 0.5 | AG55: {=K55 / _xlfn.XLOOKUP($AD55 & "|" & $H55, $AD:$AD & "|" & $G:$G, K:K)} -> 0.625 | AH55: {=L55 / _xlfn.XLOOKUP($AD55 & "|" & $H55, $AD:$AD & "|" & $G:$G, L:L)} -> 1.0359712 | AI55: {=M55 / _xlfn.XLOOKUP($AD55 & "|" & $H55, $AD:$AD & "|" & $G:$G, M:M)} -> 1 | AJ55: {=N55 / _xlfn.XLOOKUP($AD55 & "|" & $H55, $AD:$AD & "|" & $G:$G, N:N)} -> 1 | AK55: {=O55 / _xlfn.XLOOKUP($AD55 & "|" & $H55, $AD:$AD & "|" & $G:$G, O:O)} -> 1 | AL55: {=P55 / _xlfn.XLOOKUP($AD55 & "|" & $H55, $AD:$AD & "|" & $G:$G, P:P)} -> #DIV/0! | AM55: =0.63 -> 0.63 | AW55: {=_xlfn.XLOOKUP($AD55 & "|" & $H55, $AD:$AD & "|" & $G:$G, L:L)} -> 13.9 | AZ55: ASTM D3343
A56: Lobo (2015) | B56: Lobo (2015) | C56: Ground | D56: GTCP85 APU | E56: 1 | G56: Jet-A1 | I56: =100-19.35-20.57-37.65 -> 22.43 | J56: 2.58 | K56: 330 | L56: 13.7 | M56: =273.15+17.3 -> 290.45 | N56: =273.15+17.3 -> 290.45 | P56: =17.7 * 60 *60 /1000 -> 63.72 | Q56: 4.72e+15 | T56: 745.81 | AD56: =A56 & "|" & B56 & "|" & C56 & "|" & D56 & "|" & E56 &"|" & F56 -> Lobo (2015)|Lobo (2015)|Ground|GTCP85 APU|1| | AW56: {=_xlfn.XLOOKUP($AD56 & "|" & $H56, $AD:$AD & "|" & $G:$G, L:L)} -> #N/A | AZ56: ASTM D3343
A57: Lobo (2015) | B57: Lobo (2015) | C57: Ground | D57: GTCP85 APU | E57: 1 | G57: UCO-HEFA | H57: Jet-A1 | I57: =100-19.35-71.35-6.58 -> 2.72 | J57: 0.07 | K57: 180 | L57: 15.2 | M57: =273.15+17.3 -> 290.45 | N57: =273.15+17.3 -> 290.45 | P57: =17.7 * 60 *60 /1000 -> 63.72 | Q57: 7.5992e+15 | T57: =T56*(1-0.88) -> 89.4972 | AA57: =0.24*10^15 -> 240000000000000 | AD57: =A57 & "|" & B57 & "|" & C57 & "|" & D57 & "|" & E57 &"|" & F57 -> Lobo (2015)|Lobo (2015)|Ground|GTCP85 APU|1| | AE57: {=I57 / _xlfn.XLOOKUP($AD57 & "|" & $H57, $AD:$AD & "|" & $G:$G, I:I)} -> 0.12126616 | AF57: {=J57 / _xlfn.XLOOKUP($AD57 & "|" & $H57, $AD:$AD & "|" & $G:$G, J:J)} -> 0.027131783 | AG57: {=K57 / _xlfn.XLOOKUP($AD57 & "|" & $H57, $AD:$AD & "|" & $G:$G, K:K)} -> 0.54545455 | AH57: {=L57 / _xlfn.XLOOKUP($AD57 & "|" & $H57, $AD:$AD & "|" & $G:$G, L:L)} -> 1.1094891 | AI57: {=M57 / _xlfn.XLOOKUP($AD57 & "|" & $H57, $AD:$AD & "|" & $G:$G, M:M)} -> 1 | AJ57: {=N57 / _xlfn.XLOOKUP($AD57 & "|" & $H57, $AD:$AD & "|" & $G:$G, N:N)} -> 1 | AK57: {=O57 / _xlfn.XLOOKUP($AD57 & "|" & $H57, $AD:$AD & "|" & $G:$G, O:O)} -> #DIV/0! | AL57: {=P57 / _xlfn.XLOOKUP($AD57 & "|" & $H57, $AD:$AD & "|" & $G:$G, P:P)} -> 1 | AM57: {=Q57 / _xlfn.XLOOKUP($AD57 & "|" & $H57, $AD:$AD & "|" & $G:$G, Q:Q)} -> 1.61 | AP57: {=T57 / _xlfn.XLOOKUP($AD57 & "|" & $H57, $AD:$AD & "|" & $G:$G, T:T)} -> 0.12 | AW57: {=_xlfn.XLOOKUP($AD57 & "|" & $H57, $AD:$AD & "|" & $G:$G, L:L)} -> 13.7 | AZ57: ASTM D3343
A58: Lobo (2015) | B58: Lobo (2015) | C58: Ground | D58: GTCP85 APU | E58: 1 | G58: Jet-A1 | I58: =100-19.35-20.57-37.65 -> 22.43 | J58: 2.58 | K58: 330 | L58: 13.7 | M58: =273.15+17.3 -> 290.45 | N58: =273.15+17.3 -> 290.45 | P58: =25.8 * 60 *60 /1000 -> 92.88 | Q58: 3.27e+15 | T58: 468.79 | AD58: =A58 & "|" & B58 & "|" & C58 & "|" & D58 & "|" & E58 &"|" & F58 -> Lobo (2015)|Lobo (2015)|Ground|GTCP85 APU|1| | AP58: {=T58 / _xlfn.XLOOKUP($AD58 & "|" & $H58, $AD:$AD & "|" & $G:$G, T:T)} -> #N/A | AW58: {=_xlfn.XLOOKUP($AD58 & "|" & $H58, $AD:$AD & "|" & $G:$G, L:L)} -> #N/A | AZ58: ASTM D3343
A59: Lobo (2015) | B59: Lobo (2015) | C59: Ground | D59: GTCP85 APU | E59: 1 | G59: UCO-HEFA | H59: Jet-A1 | I59: =100-19.35-71.35-6.58 -> 2.72 | J59: 0.07 | K59: 180 | L59: 15.2 | M59: =273.15+17.3 -> 290.45 | N59: =273.15+17.3 -> 290.45 | P59: =25.8 * 60 *60 /1000 -> 92.88 | Q59: 5.4282e+15 | T59: =T58*(1-0.91) -> 42.1911 | AA59: =0.19*10^15 -> 190000000000000 | AD59: =A59 & "|" & B59 & "|" & C59 & "|" & D59 & "|" & E59 &"|" & F59 -> Lobo (2015)|Lobo (2015)|Ground|GTCP85 APU|1| | AE59: {=I59 / _xlfn.XLOOKUP($AD59 & "|" & $H59, $AD:$AD & "|" & $G:$G, I:I)} -> 0.12126616 | AF59: {=J59 / _xlfn.XLOOKUP($AD59 & "|" & $H59, $AD:$AD & "|" & $G:$G, J:J)} -> 0.027131783 | AG59: {=K59 / _xlfn.XLOOKUP($AD59 & "|" & $H59, $AD:$AD & "|" & $G:$G, K:K)} -> 0.54545455 | AH59: {=L59 / _xlfn.XLOOKUP($AD59 & "|" & $H59, $AD:$AD & "|" & $G:$G, L:L)} -> 1.1094891 | AI59: {=M59 / _xlfn.XLOOKUP($AD59 & "|" & $H59, $AD:$AD & "|" & $G:$G, M:M)} -> 1 | AJ59: {=N59 / _xlfn.XLOOKUP($AD59 & "|" & $H59, $AD:$AD & "|" & $G:$G, N:N)} -> 1 | AK59: {=O59 / _xlfn.XLOOKUP($AD59 & "|" & $H59, $AD:$AD & "|" & $G:$G, O:O)} -> #DIV/0! | AL59: {=P59 / _xlfn.XLOOKUP($AD59 & "|" & $H59, $AD:$AD & "|" & $G:$G, P:P)} -> 1.4576271 | AM59: {=Q59 / _xlfn.XLOOKUP($AD59 & "|" & $H59, $AD:$AD & "|" & $G:$G, Q:Q)} -> 1.1500424 | AP59: {=T59 / _xlfn.XLOOKUP($AD59 & "|" & $H59, $AD:$AD & "|" & $G:$G, T:T)} -> 0.056570842 | AW59: {=_xlfn.XLOOKUP($AD59 & "|" & $H59, $AD:$AD & "|" & $G:$G, L:L)} -> 13.7 | AZ59: ASTM D3343
A60: Lobo (2015) | B60: Lobo (2015) | C60: Ground | D60: GTCP85 APU | E60: 1 | G60: Jet-A1 | I60: =100-19.35-20.57-37.65 -> 22.43 | J60: 2.58 | K60: 330 | L60: 13.7 | M60: =273.15+17.3 -> 290.45 | N60: =273.15+17.3 -> 290.45 | P60: =31.1 * 60 *60 /1000 -> 111.96 | Q60: 2.33e+15 | T60: 271.73 | AD60: =A60 & "|" & B60 & "|" & C60 & "|" & D60 & "|" & E60 &"|" & F60 -> Lobo (2015)|Lobo (2015)|Ground|GTCP85 APU|1| | AP60: {=T60 / _xlfn.XLOOKUP($AD60 & "|" & $H60, $AD:$AD & "|" & $G:$G, T:T)} -> #N/A | AW60: {=_xlfn.XLOOKUP($AD60 & "|" & $H60, $AD:$AD & "|" & $G:$G, L:L)} -> #N/A | AZ60: ASTM D3343
A61: Lobo (2015) | B61: Lobo (2015) | C61: Ground | D61: GTCP85 APU | E61: 1 | G61: UCO-HEFA | H61: Jet-A1 | I61: =100-19.35-71.35-6.58 -> 2.72 | J61: 0.07 | K61: 180 | L61: 15.2 | M61: =273.15+17.3 -> 290.45 | N61: =273.15+17.3 -> 290.45 | P61: =31.1 * 60 *60 /1000 -> 111.96 | Q61: 4.0542e+15 | T61: =T60*(1-0.93) -> 19.0211 | AA61: =0.15*10^15 -> 150000000000000 | AD61: =A61 & "|" & B61 & "|" & C61 & "|" & D61 & "|" & E61 &"|" & F61 -> Lobo (2015)|Lobo (2015)|Ground|GTCP85 APU|1| | AE61: {=I61 / _xlfn.XLOOKUP($AD61 & "|" & $H61, $AD:$AD & "|" & $G:$G, I:I)} -> 0.12126616 | AF61: {=J61 / _xlfn.XLOOKUP($AD61 & "|" & $H61, $AD:$AD & "|" & $G:$G, J:J)} -> 0.027131783 | AG61: {=K61 / _xlfn.XLOOKUP($AD61 & "|" & $H61, $AD:$AD & "|" & $G:$G, K:K)} -> 0.54545455 | AH61: {=L61 / _xlfn.XLOOKUP($AD61 & "|" & $H61, $AD:$AD & "|" & $G:$G, L:L)} -> 1.1094891 | AI61: {=M61 / _xlfn.XLOOKUP($AD61 & "|" & $H61, $AD:$AD & "|" & $G:$G, M:M)} -> 1 | AJ61: {=N61 / _xlfn.XLOOKUP($AD61 & "|" & $H61, $AD:$AD & "|" & $G:$G, N:N)} -> 1 | AK61: {=O61 / _xlfn.XLOOKUP($AD61 & "|" & $H61, $AD:$AD & "|" & $G:$G, O:O)} -> #DIV/0! | AL61: {=P61 / _xlfn.XLOOKUP($AD61 & "|" & $H61, $AD:$AD & "|" & $G:$G, P:P)} -> 1.7570621 | AM61: {=Q61 / _xlfn.XLOOKUP($AD61 & "|" & $H61, $AD:$AD & "|" & $G:$G, Q:Q)} -> 0.85894068 | AP61: {=T61 / _xlfn.XLOOKUP($AD61 & "|" & $H61, $AD:$AD & "|" & $G:$G, T:T)} -> 0.025503949 | AW61: {=_xlfn.XLOOKUP($AD61 & "|" & $H61, $AD:$AD & "|" & $G:$G, L:L)} -> 13.7 | AZ61: ASTM D3343
A62: Brem (2015) | B62: A-PRIDE 7 | C62: Ground | D62: CFM56-7B | E62: 1 | F62: Approach | H62: Jet-A1 | L62: 13.78 | O62: 30 | Q62: =1.65*10^14 -> 165000000000000 | AD62: =A62 & "|" & B62 & "|" & C62 & "|" & D62 & "|" & E62 &"|" & F62 -> Brem (2015)|A-PRIDE 7|Ground|CFM56-7B|1|Approach | AW62: {=_xlfn.XLOOKUP($AD62 & "|" & $H62, $AD:$AD & "|" & $G:$G, L:L)} -> 14.31 | AZ62: ASTM D3343
A63: Brem (2015) | B63: A-PRIDE 7 | C63: Ground | D63: CFM56-7B | E63: 1 | F63: Approach | H63: Jet-A1 | L63: 13.86 | O63: 30 | Q63: =1.5*10^14 -> 150000000000000 | AD63: =A63 & "|" & B63 & "|" & C63 & "|" & D63 & "|" & E63 &"|" & F63 -> Brem (2015)|A-PRIDE 7|Ground|CFM56-7B|1|Approach | AE63: {=I63 / _xlfn.XLOOKUP($AD63 & "|" & $H63, $AD:$AD & "|" & $G:$G, I:I)} -> #DIV/0! | AF63: {=J63 / _xlfn.XLOOKUP($AD63 & "|" & $H63, $AD:$AD & "|" & $G:$G, J:J)} -> #DIV/0! | AG63: {=K63 / _xlfn.XLOOKUP($AD63 & "|" & $H63, $AD:$AD & "|" & $G:$G, K:K)} -> #DIV/0! | AH63: {=L63 / _xlfn.XLOOKUP($AD63 & "|" & $H63, $AD:$AD & "|" & $G:$G, L:L)} -> 0.96855346 | AI63: {=M63 / _xlfn.XLOOKUP($AD63 & "|" & $H63, $AD:$AD & "|" & $G:$G, M:M)} -> #DIV/0! | AJ63: {=N63 / _xlfn.XLOOKUP($AD63 & "|" & $H63, $AD:$AD & "|" & $G:$G, N:N)} -> #DIV/0! | AK63: {=O63 / _xlfn.XLOOKUP($AD63 & "|" & $H63, $AD:$AD & "|" & $G:$G, O:O)} -> 1 | AL63: {=P63 / _xlfn.XLOOKUP($AD63 & "|" & $H63, $AD:$AD & "|" & $G:$G, P:P)} -> #DIV/0! | AM63: {=Q63 / _xlfn.XLOOKUP($AD63 & "|" & $H63, $AD:$AD & "|" & $G:$G, Q:Q)} -> 1.3636364 | AW63: {=_xlfn.XLOOKUP($AD63 & "|" & $H63, $AD:$AD & "|" & $G:$G, L:L)} -> 14.31 | AZ63: ASTM D3343
A64: Brem (2015) | B64: A-PRIDE 7 | C64: Ground | D64: CFM56-7B | E64: 1 | F64: Approach | H64: Jet-A1 | L64: 13.91 | O64: 30 | Q64: =1.47*10^14 -> 147000000000000 | AD64: =A64 & "|" & B64 & "|" & C64 & "|" & D64 & "|" & E64 &"|" & F64 -> Brem (2015)|A-PRIDE 7|Ground|CFM56-7B|1|Approach | AE64: {=I64 / _xlfn.XLOOKUP($AD64 & "|" & $H64, $AD:$AD & "|" & $G:$G, I:I)} -> #DIV/0! | AF64: {=J64 / _xlfn.XLOOKUP($AD64 & "|" & $H64, $AD:$AD & "|" & $G:$G, J:J)} -> #DIV/0! | AG64: {=K64 / _xlfn.XLOOKUP($AD64 & "|" & $H64, $AD:$AD & "|" & $G:$G, K:K)} -> #DIV/0! | AH64: {=L64 / _xlfn.XLOOKUP($AD64 & "|" & $H64, $AD:$AD & "|" & $G:$G, L:L)} -> 0.97204752 | AI64: {=M64 / _xlfn.XLOOKUP($AD64 & "|" & $H64, $AD:$AD & "|" & $G:$G, M:M)} -> #DIV/0! | AJ64: {=N64 / _xlfn.XLOOKUP($AD64 & "|" & $H64, $AD:$AD & "|" & $G:$G, N:N)} -> #DIV/0! | AK64: {=O64 / _xlfn.XLOOKUP($AD64 & "|" & $H64, $AD:$AD & "|" & $G:$G, O:O)} -> 1 | AL64: {=P64 / _xlfn.XLOOKUP($AD64 & "|" & $H64, $AD:$AD & "|" & $G:$G, P:P)} -> #DIV/0! | AM64: {=Q64 / _xlfn.XLOOKUP($AD64 & "|" & $H64, $AD:$AD & "|" & $G:$G, Q:Q)} -> 1.3363636 | AW64: {=_xlfn.XLOOKUP($AD64 & "|" & $H64, $AD:$AD & "|" & $G:$G, L:L)} -> 14.31 | AZ64: ASTM D3343
A65: Brem (2015) | B65: A-PRIDE 7 | C65: Ground | D65: CFM56-7B | E65: 1 | F65: Approach | H65: Jet-A1 | L65: 13.98 | O65: 30 | Q65: =1.39*10^14 -> 1.39e+14 | AD65: =A65 & "|" & B65 & "|" & C65 & "|" & D65 & "|" & E65 &"|" & F65 -> Brem (2015)|A-PRIDE 7|Ground|CFM56-7B|1|Approach | AE65: {=I65 / _xlfn.XLOOKUP($AD65 & "|" & $H65, $AD:$AD & "|" & $G:$G, I:I)} -> #DIV/0! | AF65: {=J65 / _xlfn.XLOOKUP($AD65 & "|" & $H65, $AD:$AD & "|" & $G:$G, J:J)} -> #DIV/0! | AG65: {=K65 / _xlfn.XLOOKUP($AD65 & "|" & $H65, $AD:$AD & "|" & $G:$G, K:K)} -> #DIV/0! | AH65: {=L65 / _xlfn.XLOOKUP($AD65 & "|" & $H65, $AD:$AD & "|" & $G:$G, L:L)} -> 0.9769392 | AI65: {=M65 / _xlfn.XLOOKUP($AD65 & "|" & $H65, $AD:$AD & "|" & $G:$G, M:M)} -> #DIV/0! | AJ65: {=N65 / _xlfn.XLOOKUP($AD65 & "|" & $H65, $AD:$AD & "|" & $G:$G, N:N)} -> #DIV/0! | AK65: {=O65 / _xlfn.XLOOKUP($AD65 & "|" & $H65, $AD:$AD & "|" & $G:$G, O:O)} -> 1 | AL65: {=P65 / _xlfn.XLOOKUP($AD65 & "|" & $H65, $AD:$AD & "|" & $G:$G, P:P)} -> #DIV/0! | AM65: {=Q65 / _xlfn.XLOOKUP($AD65 & "|" & $H65, $AD:$AD & "|" & $G:$G, Q:Q)} -> 1.2636364 | AW65: {=_xlfn.XLOOKUP($AD65 & "|" & $H65, $AD:$AD & "|" & $G:$G, L:L)} -> 14.31 | AZ65: ASTM D3343
A66: Brem (2015) | B66: A-PRIDE 7 | C66: Ground | D66: CFM56-7B | E66: 1 | F66: Approach | H66: Jet-A1 | L66: 14 | O66: 30 | Q66: =1.34*10^14 -> 1.34e+14 | AD66: =A66 & "|" & B66 & "|" & C66 & "|" & D66 & "|" & E66 &"|" & F66 -> Brem (2015)|A-PRIDE 7|Ground|CFM56-7B|1|Approach | AE66: {=I66 / _xlfn.XLOOKUP($AD66 & "|" & $H66, $AD:$AD & "|" & $G:$G, I:I)} -> #DIV/0! | AF66: {=J66 / _xlfn.XLOOKUP($AD66 & "|" & $H66, $AD:$AD & "|" & $G:$G, J:J)} -> #DIV/0! | AG66: {=K66 / _xlfn.XLOOKUP($AD66 & "|" & $H66, $AD:$AD & "|" & $G:$G, K:K)} -> #DIV/0! | AH66: {=L66 / _xlfn.XLOOKUP($AD66 & "|" & $H66, $AD:$AD & "|" & $G:$G, L:L)} -> 0.97833683 | AI66: {=M66 / _xlfn.XLOOKUP($AD66 & "|" & $H66, $AD:$AD & "|" & $G:$G, M:M)} -> #DIV/0! | AJ66: {=N66 / _xlfn.XLOOKUP($AD66 & "|" & $H66, $AD:$AD & "|" & $G:$G, N:N)} -> #DIV/0! | AK66: {=O66 / _xlfn.XLOOKUP($AD66 & "|" & $H66, $AD:$AD & "|" & $G:$G, O:O)} -> 1 | AL66: {=P66 / _xlfn.XLOOKUP($AD66 & "|" & $H66, $AD:$AD & "|" & $G:$G, P:P)} -> #DIV/0! | AM66: {=Q66 / _xlfn.XLOOKUP($AD66 & "|" & $H66, $AD:$AD & "|" & $G:$G, Q:Q)} -> 1.2181818 | AW66: {=_xlfn.XLOOKUP($AD66 & "|" & $H66, $AD:$AD & "|" & $G:$G, L:L)} -> 14.31 | AZ66: ASTM D3343
A67: Brem (2015) | B67: A-PRIDE 7 | C67: Ground | D67: CFM56-7B | E67: 1 | F67: Approach | H67: Jet-A1 | L67: 14.07 | O67: 30 | Q67: =1.27*10^14 -> 127000000000000 | AD67: =A67 & "|" & B67 & "|" & C67 & "|" & D67 & "|" & E67 &"|" & F67 -> Brem (2015)|A-PRIDE 7|Ground|CFM56-7B|1|Approach | AE67: {=I67 / _xlfn.XLOOKUP($AD67 & "|" & $H67, $AD:$AD & "|" & $G:$G, I:I)} -> #DIV/0! | AF67: {=J67 / _xlfn.XLOOKUP($AD67 & "|" & $H67, $AD:$AD & "|" & $G:$G, J:J)} -> #DIV/0! | AG67: {=K67 / _xlfn.XLOOKUP($AD67 & "|" & $H67, $AD:$AD & "|" & $G:$G, K:K)} -> #DIV/0! | AH67: {=L67 / _xlfn.XLOOKUP($AD67 & "|" & $H67, $AD:$AD & "|" & $G:$G, L:L)} -> 0.98322851 | AI67: {=M67 / _xlfn.XLOOKUP($AD67 & "|" & $H67, $AD:$AD & "|" & $G:$G, M:M)} -> #DIV/0! | AJ67: {=N67 / _xlfn.XLOOKUP($AD67 & "|" & $H67, $AD:$AD & "|" & $G:$G, N:N)} -> #DIV/0! | AK67: {=O67 / _xlfn.XLOOKUP($AD67 & "|" & $H67, $AD:$AD & "|" & $G:$G, O:O)} -> 1 | AL67: {=P67 / _xlfn.XLOOKUP($AD67 & "|" & $H67, $AD:$AD & "|" & $G:$G, P:P)} -> #DIV/0! | AM67: {=Q67 / _xlfn.XLOOKUP($AD67 & "|" & $H67, $AD:$AD & "|" & $G:$G, Q:Q)} -> 1.1545455 | AW67: {=_xlfn.XLOOKUP($AD67 & "|" & $H67, $AD:$AD & "|" & $G:$G, L:L)} -> 14.31 | AZ67: ASTM D3343
A68: Brem (2015) | B68: A-PRIDE 7 | C68: Ground | D68: CFM56-7B | E68: 1 | F68: Approach | G68: Jet-A1 | H68: Jet-A1 | L68: 14.31 | O68: 30 | Q68: =1.1*10^14 -> 1.1e+14 | AD68: =A68 & "|" & B68 & "|" & C68 & "|" & D68 & "|" & E68 &"|" & F68 -> Brem (2015)|A-PRIDE 7|Ground|CFM56-7B|1|Approach | AE68: {=I68 / _xlfn.XLOOKUP($AD68 & "|" & $H68, $AD:$AD & "|" & $G:$G, I:I)} -> #DIV/0! | AF68: {=J68 / _xlfn.XLOOKUP($AD68 & "|" & $H68, $AD:$AD & "|" & $G:$G, J:J)} -> #DIV/0! | AG68: {=K68 / _xlfn.XLOOKUP($AD68 & "|" & $H68, $AD:$AD & "|" & $G:$G, K:K)} -> #DIV/0! | AH68: {=L68 / _xlfn.XLOOKUP($AD68 & "|" & $H68, $AD:$AD & "|" & $G:$G, L:L)} -> 1 | AI68: {=M68 / _xlfn.XLOOKUP($AD68 & "|" & $H68, $AD:$AD & "|" & $G:$G, M:M)} -> #DIV/0! | AJ68: {=N68 / _xlfn.XLOOKUP($AD68 & "|" & $H68, $AD:$AD & "|" & $G:$G, N:N)} -> #DIV/0! | AK68: {=O68 / _xlfn.XLOOKUP($AD68 & "|" & $H68, $AD:$AD & "|" & $G:$G, O:O)} -> 1 | AL68: {=P68 / _xlfn.XLOOKUP($AD68 & "|" & $H68, $AD:$AD & "|" & $G:$G, P:P)} -> #DIV/0! | AW68: {=_xlfn.XLOOKUP($AD68 & "|" & $H68, $AD:$AD & "|" & $G:$G, L:L)} -> 14.31 | AZ68: ASTM D3343
A69: Brem (2015) | B69: A-PRIDE 7 | C69: Ground | D69: CFM56-7B | E69: 1 | F69: Mid-power | H69: Jet-A1 | L69: 13.77 | O69: 65 | Q69: =4.59*10^14 -> 459000000000000 | AD69: =A69 & "|" & B69 & "|" & C69 & "|" & D69 & "|" & E69 &"|" & F69 -> Brem (2015)|A-PRIDE 7|Ground|CFM56-7B|1|Mid-power | AE69: {=I69 / _xlfn.XLOOKUP($AD69 & "|" & $H69, $AD:$AD & "|" & $G:$G, I:I)} -> #DIV/0! | AF69: {=J69 / _xlfn.XLOOKUP($AD69 & "|" & $H69, $AD:$AD & "|" & $G:$G, J:J)} -> #DIV/0! | AG69: {=K69 / _xlfn.XLOOKUP($AD69 & "|" & $H69, $AD:$AD & "|" & $G:$G, K:K)} -> #DIV/0! | AH69: {=L69 / _xlfn.XLOOKUP($AD69 & "|" & $H69, $AD:$AD & "|" & $G:$G, L:L)} -> 0.96226415 | AI69: {=M69 / _xlfn.XLOOKUP($AD69 & "|" & $H69, $AD:$AD & "|" & $G:$G, M:M)} -> #DIV/0! | AJ69: {=N69 / _xlfn.XLOOKUP($AD69 & "|" & $H69, $AD:$AD & "|" & $G:$G, N:N)} -> #DIV/0! | AK69: {=O69 / _xlfn.XLOOKUP($AD69 & "|" & $H69, $AD:$AD & "|" & $G:$G, O:O)} -> 1 | AL69: {=P69 / _xlfn.XLOOKUP($AD69 & "|" & $H69, $AD:$AD & "|" & $G:$G, P:P)} -> #DIV/0! | AM69: {=Q69 / _xlfn.XLOOKUP($AD69 & "|" & $H69, $AD:$AD & "|" & $G:$G, Q:Q)} -> 1.1769231 | AW69: {=_xlfn.XLOOKUP($AD69 & "|" & $H69, $AD:$AD & "|" & $G:$G, L:L)} -> 14.31 | AZ69: ASTM D3343
A70: Brem (2015) | B70: A-PRIDE 7 | C70: Ground | D70: CFM56-7B | E70: 1 | F70: Mid-power | H70: Jet-A1 | L70: 13.86 | O70: 65 | Q70: =4.56*10^14 -> 4.56e+14 | AD70: =A70 & "|" & B70 & "|" & C70 & "|" & D70 & "|" & E70 &"|" & F70 -> Brem (2015)|A-PRIDE 7|Ground|CFM56-7B|1|Mid-power | AE70: {=I70 / _xlfn.XLOOKUP($AD70 & "|" & $H70, $AD:$AD & "|" & $G:$G, I:I)} -> #DIV/0! | AF70: {=J70 / _xlfn.XLOOKUP($AD70 & "|" & $H70, $AD:$AD & "|" & $G:$G, J:J)} -> #DIV/0! | AG70: {=K70 / _xlfn.XLOOKUP($AD70 & "|" & $H70, $AD:$AD & "|" & $G:$G, K:K)} -> #DIV/0! | AH70: {=L70 / _xlfn.XLOOKUP($AD70 & "|" & $H70, $AD:$AD & "|" & $G:$G, L:L)} -> 0.96855346 | AI70: {=M70 / _xlfn.XLOOKUP($AD70 & "|" & $H70, $AD:$AD & "|" & $G:$G, M:M)} -> #DIV/0! | AJ70: {=N70 / _xlfn.XLOOKUP($AD70 & "|" & $H70, $AD:$AD & "|" & $G:$G, N:N)} -> #DIV/0! | AK70: {=O70 / _xlfn.XLOOKUP($AD70 & "|" & $H70, $AD:$AD & "|" & $G:$G, O:O)} -> 1 | AL70: {=P70 / _xlfn.XLOOKUP($AD70 & "|" & $H70, $AD:$AD & "|" & $G:$G, P:P)} -> #DIV/0! | AM70: {=Q70 / _xlfn.XLOOKUP($AD70 & "|" & $H70, $AD:$AD & "|" & $G:$G, Q:Q)} -> 1.1692308 | AW70: {=_xlfn.XLOOKUP($AD70 & "|" & $H70, $AD:$AD & "|" & $G:$G, L:L)} -> 14.31 | AZ70: ASTM D3343
A71: Brem (2015) | B71: A-PRIDE 7 | C71: Ground | D71: CFM56-7B | E71: 1 | F71: Mid-power | H71: Jet-A1 | L71: 13.91 | O71: 65 | Q71: =4.51*10^14 -> 451000000000000 | AD71: =A71 & "|" & B71 & "|" & C71 & "|" & D71 & "|" & E71 &"|" & F71 -> Brem (2015)|A-PRIDE 7|Ground|CFM56-7B|1|Mid-power | AE71: {=I71 / _xlfn.XLOOKUP($AD71 & "|" & $H71, $AD:$AD & "|" & $G:$G, I:I)} -> #DIV/0! | AF71: {=J71 / _xlfn.XLOOKUP($AD71 & "|" & $H71, $AD:$AD & "|" & $G:$G, J:J)} -> #DIV/0! | AG71: {=K71 / _xlfn.XLOOKUP($AD71 & "|" & $H71, $AD:$AD & "|" & $G:$G, K:K)} -> #DIV/0! | AH71: {=L71 / _xlfn.XLOOKUP($AD71 & "|" & $H71, $AD:$AD & "|" & $G:$G, L:L)} -> 0.97204752 | AI71: {=M71 / _xlfn.XLOOKUP($AD71 & "|" & $H71, $AD:$AD & "|" & $G:$G, M:M)} -> #DIV/0! | AJ71: {=N71 / _xlfn.XLOOKUP($AD71 & "|" & $H71, $AD:$AD & "|" & $G:$G, N:N)} -> #DIV/0! | AK71: {=O71 / _xlfn.XLOOKUP($AD71 & "|" & $H71, $AD:$AD & "|" & $G:$G, O:O)} -> 1 | AL71: {=P71 / _xlfn.XLOOKUP($AD71 & "|" & $H71, $AD:$AD & "|" & $G:$G, P:P)} -> #DIV/0! | AM71: {=Q71 / _xlfn.XLOOKUP($AD71 & "|" & $H71, $AD:$AD & "|" & $G:$G, Q:Q)} -> 1.1564103 | AW71: {=_xlfn.XLOOKUP($AD71 & "|" & $H71, $AD:$AD & "|" & $G:$G, L:L)} -> 14.31 | AZ71: ASTM D3343
A72: Brem (2015) | B72: A-PRIDE 7 | C72: Ground | D72: CFM56-7B | E72: 1 | F72: Mid-power | H72: Jet-A1 | L72: 13.96 | O72: 65 | Q72: =4.36*10^14 -> 4.36e+14 | AD72: =A72 & "|" & B72 & "|" & C72 & "|" & D72 & "|" & E72 &"|" & F72 -> Brem (2015)|A-PRIDE 7|Ground|CFM56-7B|1|Mid-power | AE72: {=I72 / _xlfn.XLOOKUP($AD72 & "|" & $H72, $AD:$AD & "|" & $G:$G, I:I)} -> #DIV/0! | AF72: {=J72 / _xlfn.XLOOKUP($AD72 & "|" & $H72, $AD:$AD & "|" & $G:$G, J:J)} -> #DIV/0! | AG72: {=K72 / _xlfn.XLOOKUP($AD72 & "|" & $H72, $AD:$AD & "|" & $G:$G, K:K)} -> #DIV/0! | AH72: {=L72 / _xlfn.XLOOKUP($AD72 & "|" & $H72, $AD:$AD & "|" & $G:$G, L:L)} -> 0.97554158 | AI72: {=M72 / _xlfn.XLOOKUP($AD72 & "|" & $H72, $AD:$AD & "|" & $G:$G, M:M)} -> #DIV/0! | AJ72: {=N72 / _xlfn.XLOOKUP($AD72 & "|" & $H72, $AD:$AD & "|" & $G:$G, N:N)} -> #DIV/0! | AK72: {=O72 / _xlfn.XLOOKUP($AD72 & "|" & $H72, $AD:$AD & "|" & $G:$G, O:O)} -> 1 | AL72: {=P72 / _xlfn.XLOOKUP($AD72 & "|" & $H72, $AD:$AD & "|" & $G:$G, P:P)} -> #DIV/0! | AM72: {=Q72 / _xlfn.XLOOKUP($AD72 & "|" & $H72, $AD:$AD & "|" & $G:$G, Q:Q)} -> 1.1179487 | AW72: {=_xlfn.XLOOKUP($AD72 & "|" & $H72, $AD:$AD & "|" & $G:$G, L:L)} -> 14.31 | AZ72: ASTM D3343
A73: Brem (2015) | B73: A-PRIDE 7 | C73: Ground | D73: CFM56-7B | E73: 1 | F73: Mid-power | H73: Jet-A1 | L73: 13.97 | O73: 65 | Q73: =4.35*10^14 -> 4.35e+14 | AD73: =A73 & "|" & B73 & "|" & C73 & "|" & D73 & "|" & E73 &"|" & F73 -> Brem (2015)|A-PRIDE 7|Ground|CFM56-7B|1|Mid-power | AE73: {=I73 / _xlfn.XLOOKUP($AD73 & "|" & $H73, $AD:$AD & "|" & $G:$G, I:I)} -> #DIV/0! | AF73: {=J73 / _xlfn.XLOOKUP($AD73 & "|" & $H73, $AD:$AD & "|" & $G:$G, J:J)} -> #DIV/0! | AG73: {=K73 / _xlfn.XLOOKUP($AD73 & "|" & $H73, $AD:$AD & "|" & $G:$G, K:K)} -> #DIV/0! | AH73: {=L73 / _xlfn.XLOOKUP($AD73 & "|" & $H73, $AD:$AD & "|" & $G:$G, L:L)} -> 0.97624039 | AI73: {=M73 / _xlfn.XLOOKUP($AD73 & "|" & $H73, $AD:$AD & "|" & $G:$G, M:M)} -> #DIV/0! | AJ73: {=N73 / _xlfn.XLOOKUP($AD73 & "|" & $H73, $AD:$AD & "|" & $G:$G, N:N)} -> #DIV/0! | AK73: {=O73 / _xlfn.XLOOKUP($AD73 & "|" & $H73, $AD:$AD & "|" & $G:$G, O:O)} -> 1 | AL73: {=P73 / _xlfn.XLOOKUP($AD73 & "|" & $H73, $AD:$AD & "|" & $G:$G, P:P)} -> #DIV/0! | AM73: {=Q73 / _xlfn.XLOOKUP($AD73 & "|" & $H73, $AD:$AD & "|" & $G:$G, Q:Q)} -> 1.1153846 | AW73: {=_xlfn.XLOOKUP($AD73 & "|" & $H73, $AD:$AD & "|" & $G:$G, L:L)} -> 14.31 | AZ73: ASTM D3343
A74: Brem (2015) | B74: A-PRIDE 7 | C74: Ground | D74: CFM56-7B | E74: 1 | F74: Mid-power | H74: Jet-A1 | L74: 14.06 | O74: 65 | Q74: =4.22*10^14 -> 422000000000000 | AD74: =A74 & "|" & B74 & "|" & C74 & "|" & D74 & "|" & E74 &"|" & F74 -> Brem (2015)|A-PRIDE 7|Ground|CFM56-7B|1|Mid-power | AE74: {=I74 / _xlfn.XLOOKUP($AD74 & "|" & $H74, $AD:$AD & "|" & $G:$G, I:I)} -> #DIV/0! | AF74: {=J74 / _xlfn.XLOOKUP($AD74 & "|" & $H74, $AD:$AD & "|" & $G:$G, J:J)} -> #DIV/0! | AG74: {=K74 / _xlfn.XLOOKUP($AD74 & "|" & $H74, $AD:$AD & "|" & $G:$G, K:K)} -> #DIV/0! | AH74: {=L74 / _xlfn.XLOOKUP($AD74 & "|" & $H74, $AD:$AD & "|" & $G:$G, L:L)} -> 0.9825297 | AI74: {=M74 / _xlfn.XLOOKUP($AD74 & "|" & $H74, $AD:$AD & "|" & $G:$G, M:M)} -> #DIV/0! | AJ74: {=N74 / _xlfn.XLOOKUP($AD74 & "|" & $H74, $AD:$AD & "|" & $G:$G, N:N)} -> #DIV/0! | AK74: {=O74 / _xlfn.XLOOKUP($AD74 & "|" & $H74, $AD:$AD & "|" & $G:$G, O:O)} -> 1 | AL74: {=P74 / _xlfn.XLOOKUP($AD74 & "|" & $H74, $AD:$AD & "|" & $G:$G, P:P)} -> #DIV/0! | AM74: {=Q74 / _xlfn.XLOOKUP($AD74 & "|" & $H74, $AD:$AD & "|" & $G:$G, Q:Q)} -> 1.0820513 | AW74: {=_xlfn.XLOOKUP($AD74 & "|" & $H74, $AD:$AD & "|" & $G:$G, L:L)} -> 14.31 | AZ74: ASTM D3343
A75: Brem (2015) | B75: A-PRIDE 7 | C75: Ground | D75: CFM56-7B | E75: 1 | F75: Mid-power | G75: Jet-A1 | H75: Jet-A1 | L75: 14.31 | O75: 65 | Q75: =3.9*10^14 -> 390000000000000 | AD75: =A75 & "|" & B75 & "|" & C75 & "|" & D75 & "|" & E75 &"|" & F75 -> Brem (2015)|A-PRIDE 7|Ground|CFM56-7B|1|Mid-power | AE75: {=I75 / _xlfn.XLOOKUP($AD75 & "|" & $H75, $AD:$AD & "|" & $G:$G, I:I)} -> #DIV/0! | AF75: {=J75 / _xlfn.XLOOKUP($AD75 & "|" & $H75, $AD:$AD & "|" & $G:$G, J:J)} -> #DIV/0! | AG75: {=K75 / _xlfn.XLOOKUP($AD75 & "|" & $H75, $AD:$AD & "|" & $G:$G, K:K)} -> #DIV/0! | AH75: {=L75 / _xlfn.XLOOKUP($AD75 & "|" & $H75, $AD:$AD & "|" & $G:$G, L:L)} -> 1 | AI75: {=M75 / _xlfn.XLOOKUP($AD75 & "|" & $H75, $AD:$AD & "|" & $G:$G, M:M)} -> #DIV/0! | AJ75: {=N75 / _xlfn.XLOOKUP($AD75 & "|" & $H75, $AD:$AD & "|" & $G:$G, N:N)} -> #DIV/0! | AK75: {=O75 / _xlfn.XLOOKUP($AD75 & "|" & $H75, $AD:$AD & "|" & $G:$G, O:O)} -> 1 | AL75: {=P75 / _xlfn.XLOOKUP($AD75 & "|" & $H75, $AD:$AD & "|" & $G:$G, P:P)} -> #DIV/0! | AW75: {=_xlfn.XLOOKUP($AD75 & "|" & $H75, $AD:$AD & "|" & $G:$G, L:L)} -> 14.31 | AZ75: ASTM D3343
A76: Brem (2015) | B76: A-PRIDE 7 | C76: Ground | D76: CFM56-7B | E76: 1 | F76: Climb | H76: Jet-A1 | L76: 13.78 | O76: 85 | Q76: =3.88*10^14 -> 388000000000000 | AD76: =A76 & "|" & B76 & "|" & C76 & "|" & D76 & "|" & E76 &"|" & F76 -> Brem (2015)|A-PRIDE 7|Ground|CFM56-7B|1|Climb | AE76: {=I76 / _xlfn.XLOOKUP($AD76 & "|" & $H76, $AD:$AD & "|" & $G:$G, I:I)} -> #DIV/0! | AF76: {=J76 / _xlfn.XLOOKUP($AD76 & "|" & $H76, $AD:$AD & "|" & $G:$G, J:J)} -> #DIV/0! | AG76: {=K76 / _xlfn.XLOOKUP($AD76 & "|" & $H76, $AD:$AD & "|" & $G:$G, K:K)} -> #DIV/0! | AH76: {=L76 / _xlfn.XLOOKUP($AD76 & "|" & $H76, $AD:$AD & "|" & $G:$G, L:L)} -> 0.96296296 | AI76: {=M76 / _xlfn.XLOOKUP($AD76 & "|" & $H76, $AD:$AD & "|" & $G:$G, M:M)} -> #DIV/0! | AJ76: {=N76 / _xlfn.XLOOKUP($AD76 & "|" & $H76, $AD:$AD & "|" & $G:$G, N:N)} -> #DIV/0! | AK76: {=O76 / _xlfn.XLOOKUP($AD76 & "|" & $H76, $AD:$AD & "|" & $G:$G, O:O)} -> 1 | AL76: {=P76 / _xlfn.XLOOKUP($AD76 & "|" & $H76, $AD:$AD & "|" & $G:$G, P:P)} -> #DIV/0! | AM76: {=Q76 / _xlfn.XLOOKUP($AD76 & "|" & $H76, $AD:$AD & "|" & $G:$G, Q:Q)} -> 1.1085714 | AW76: {=_xlfn.XLOOKUP($AD76 & "|" & $H76, $AD:$AD & "|" & $G:$G, L:L)} -> 14.31 | AZ76: ASTM D3343
A77: Brem (2015) | B77: A-PRIDE 7 | C77: Ground | D77: CFM56-7B | E77: 1 | F77: Climb | H77: Jet-A1 | L77: 13.87 | O77: 85 | Q77: =3.77*10^14 -> 377000000000000 | AD77: =A77 & "|" & B77 & "|" & C77 & "|" & D77 & "|" & E77 &"|" & F77 -> Brem (2015)|A-PRIDE 7|Ground|CFM56-7B|1|Climb | AE77: {=I77 / _xlfn.XLOOKUP($AD77 & "|" & $H77, $AD:$AD & "|" & $G:$G, I:I)} -> #DIV/0! | AF77: {=J77 / _xlfn.XLOOKUP($AD77 & "|" & $H77, $AD:$AD & "|" & $G:$G, J:J)} -> #DIV/0! | AG77: {=K77 / _xlfn.XLOOKUP($AD77 & "|" & $H77, $AD:$AD & "|" & $G:$G, K:K)} -> #DIV/0! | AH77: {=L77 / _xlfn.XLOOKUP($AD77 & "|" & $H77, $AD:$AD & "|" & $G:$G, L:L)} -> 0.96925227 | AI77: {=M77 / _xlfn.XLOOKUP($AD77 & "|" & $H77, $AD:$AD & "|" & $G:$G, M:M)} -> #DIV/0! | AJ77: {=N77 / _xlfn.XLOOKUP($AD77 & "|" & $H77, $AD:$AD & "|" & $G:$G, N:N)} -> #DIV/0! | AK77: {=O77 / _xlfn.XLOOKUP($AD77 & "|" & $H77, $AD:$AD & "|" & $G:$G, O:O)} -> 1 | AL77: {=P77 / _xlfn.XLOOKUP($AD77 & "|" & $H77, $AD:$AD & "|" & $G:$G, P:P)} -> #DIV/0! | AM77: {=Q77 / _xlfn.XLOOKUP($AD77 & "|" & $H77, $AD:$AD & "|" & $G:$G, Q:Q)} -> 1.0771429 | AW77: {=_xlfn.XLOOKUP($AD77 & "|" & $H77, $AD:$AD & "|" & $G:$G, L:L)} -> 14.31 | AZ77: ASTM D3343
A78: Brem (2015) | B78: A-PRIDE 7 | C78: Ground | D78: CFM56-7B | E78: 1 | F78: Climb | H78: Jet-A1 | L78: 13.9 | O78: 85 | Q78: =3.77*10^14 -> 377000000000000 | AD78: =A78 & "|" & B78 & "|" & C78 & "|" & D78 & "|" & E78 &"|" & F78 -> Brem (2015)|A-PRIDE 7|Ground|CFM56-7B|1|Climb | AE78: {=I78 / _xlfn.XLOOKUP($AD78 & "|" & $H78, $AD:$AD & "|" & $G:$G, I:I)} -> #DIV/0! | AF78: {=J78 / _xlfn.XLOOKUP($AD78 & "|" & $H78, $AD:$AD & "|" & $G:$G, J:J)} -> #DIV/0! | AG78: {=K78 / _xlfn.XLOOKUP($AD78 & "|" & $H78, $AD:$AD & "|" & $G:$G, K:K)} -> #DIV/0! | AH78: {=L78 / _xlfn.XLOOKUP($AD78 & "|" & $H78, $AD:$AD & "|" & $G:$G, L:L)} -> 0.97134871 | AI78: {=M78 / _xlfn.XLOOKUP($AD78 & "|" & $H78, $AD:$AD & "|" & $G:$G, M:M)} -> #DIV/0! | AJ78: {=N78 / _xlfn.XLOOKUP($AD78 & "|" & $H78, $AD:$AD & "|" & $G:$G, N:N)} -> #DIV/0! | AK78: {=O78 / _xlfn.XLOOKUP($AD78 & "|" & $H78, $AD:$AD & "|" & $G:$G, O:O)} -> 1 | AL78: {=P78 / _xlfn.XLOOKUP($AD78 & "|" & $H78, $AD:$AD & "|" & $G:$G, P:P)} -> #DIV/0! | AM78: {=Q78 / _xlfn.XLOOKUP($AD78 & "|" & $H78, $AD:$AD & "|" & $G:$G, Q:Q)} -> 1.0771429 | AW78: {=_xlfn.XLOOKUP($AD78 & "|" & $H78, $AD:$AD & "|" & $G:$G, L:L)} -> 14.31 | AZ78: ASTM D3343
A79: Brem (2015) | B79: A-PRIDE 7 | C79: Ground | D79: CFM56-7B | E79: 1 | F79: Climb | H79: Jet-A1 | L79: 13.97 | O79: 85 | Q79: =3.72*10^14 -> 372000000000000 | AD79: =A79 & "|" & B79 & "|" & C79 & "|" & D79 & "|" & E79 &"|" & F79 -> Brem (2015)|A-PRIDE 7|Ground|CFM56-7B|1|Climb | AE79: {=I79 / _xlfn.XLOOKUP($AD79 & "|" & $H79, $AD:$AD & "|" & $G:$G, I:I)} -> #DIV/0! | AF79: {=J79 / _xlfn.XLOOKUP($AD79 & "|" & $H79, $AD:$AD & "|" & $G:$G, J:J)} -> #DIV/0! | AG79: {=K79 / _xlfn.XLOOKUP($AD79 & "|" & $H79, $AD:$AD & "|" & $G:$G, K:K)} -> #DIV/0! | AH79: {=L79 / _xlfn.XLOOKUP($AD79 & "|" & $H79, $AD:$AD & "|" & $G:$G, L:L)} -> 0.97624039 | AI79: {=M79 / _xlfn.XLOOKUP($AD79 & "|" & $H79, $AD:$AD & "|" & $G:$G, M:M)} -> #DIV/0! | AJ79: {=N79 / _xlfn.XLOOKUP($AD79 & "|" & $H79, $AD:$AD & "|" & $G:$G, N:N)} -> #DIV/0! | AK79: {=O79 / _xlfn.XLOOKUP($AD79 & "|" & $H79, $AD:$AD & "|" & $G:$G, O:O)} -> 1 | AL79: {=P79 / _xlfn.XLOOKUP($AD79 & "|" & $H79, $AD:$AD & "|" & $G:$G, P:P)} -> #DIV/0! | AM79: {=Q79 / _xlfn.XLOOKUP($AD79 & "|" & $H79, $AD:$AD & "|" & $G:$G, Q:Q)} -> 1.0628571 | AW79: {=_xlfn.XLOOKUP($AD79 & "|" & $H79, $AD:$AD & "|" & $G:$G, L:L)} -> 14.31 | AZ79: ASTM D3343
A80: Brem (2015) | B80: A-PRIDE 7 | C80: Ground | D80: CFM56-7B | E80: 1 | F80: Climb | H80: Jet-A1 | L80: 14.01 | O80: 85 | Q80: =3.68*10^14 -> 368000000000000 | AD80: =A80 & "|" & B80 & "|" & C80 & "|" & D80 & "|" & E80 &"|" & F80 -> Brem (2015)|A-PRIDE 7|Ground|CFM56-7B|1|Climb | AE80: {=I80 / _xlfn.XLOOKUP($AD80 & "|" & $H80, $AD:$AD & "|" & $G:$G, I:I)} -> #DIV/0! | AF80: {=J80 / _xlfn.XLOOKUP($AD80 & "|" & $H80, $AD:$AD & "|" & $G:$G, J:J)} -> #DIV/0! | AG80: {=K80 / _xlfn.XLOOKUP($AD80 & "|" & $H80, $AD:$AD & "|" & $G:$G, K:K)} -> #DIV/0! | AH80: {=L80 / _xlfn.XLOOKUP($AD80 & "|" & $H80, $AD:$AD & "|" & $G:$G, L:L)} -> 0.97903564 | AI80: {=M80 / _xlfn.XLOOKUP($AD80 & "|" & $H80, $AD:$AD & "|" & $G:$G, M:M)} -> #DIV/0! | AJ80: {=N80 / _xlfn.XLOOKUP($AD80 & "|" & $H80, $AD:$AD & "|" & $G:$G, N:N)} -> #DIV/0! | AK80: {=O80 / _xlfn.XLOOKUP($AD80 & "|" & $H80, $AD:$AD & "|" & $G:$G, O:O)} -> 1 | AL80: {=P80 / _xlfn.XLOOKUP($AD80 & "|" & $H80, $AD:$AD & "|" & $G:$G, P:P)} -> #DIV/0! | AM80: {=Q80 / _xlfn.XLOOKUP($AD80 & "|" & $H80, $AD:$AD & "|" & $G:$G, Q:Q)} -> 1.0514286 | AW80: {=_xlfn.XLOOKUP($AD80 & "|" & $H80, $AD:$AD & "|" & $G:$G, L:L)} -> 14.31 | AZ80: ASTM D3343
A81: Brem (2015) | B81: A-PRIDE 7 | C81: Ground | D81: CFM56-7B | E81: 1 | F81: Climb | H81: Jet-A1 | L81: 14.06 | O81: 85 | Q81: =3.65*10^14 -> 365000000000000 | AD81: =A81 & "|" & B81 & "|" & C81 & "|" & D81 & "|" & E81 &"|" & F81 -> Brem (2015)|A-PRIDE 7|Ground|CFM56-7B|1|Climb | AE81: {=I81 / _xlfn.XLOOKUP($AD81 & "|" & $H81, $AD:$AD & "|" & $G:$G, I:I)} -> #DIV/0! | AF81: {=J81 / _xlfn.XLOOKUP($AD81 & "|" & $H81, $AD:$AD & "|" & $G:$G, J:J)} -> #DIV/0! | AG81: {=K81 / _xlfn.XLOOKUP($AD81 & "|" & $H81, $AD:$AD & "|" & $G:$G, K:K)} -> #DIV/0! | AH81: {=L81 / _xlfn.XLOOKUP($AD81 & "|" & $H81, $AD:$AD & "|" & $G:$G, L:L)} -> 0.9825297 | AI81: {=M81 / _xlfn.XLOOKUP($AD81 & "|" & $H81, $AD:$AD & "|" & $G:$G, M:M)} -> #DIV/0! | AJ81: {=N81 / _xlfn.XLOOKUP($AD81 & "|" & $H81, $AD:$AD & "|" & $G:$G, N:N)} -> #DIV/0! | AK81: {=O81 / _xlfn.XLOOKUP($AD81 & "|" & $H81, $AD:$AD & "|" & $G:$G, O:O)} -> 1 | AL81: {=P81 / _xlfn.XLOOKUP($AD81 & "|" & $H81, $AD:$AD & "|" & $G:$G, P:P)} -> #DIV/0! | AM81: {=Q81 / _xlfn.XLOOKUP($AD81 & "|" & $H81, $AD:$AD & "|" & $G:$G, Q:Q)} -> 1.0428571 | AW81: {=_xlfn.XLOOKUP($AD81 & "|" & $H81, $AD:$AD & "|" & $G:$G, L:L)} -> 14.31 | AZ81: ASTM D3343
A82: Brem (2015) | B82: A-PRIDE 7 | C82: Ground | D82: CFM56-7B | E82: 1 | F82: Climb | G82: Jet-A1 | H82: Jet-A1 | L82: 14.31 | O82: 85 | Q82: =3.5*10^14 -> 350000000000000 | AD82: =A82 & "|" & B82 & "|" & C82 & "|" & D82 & "|" & E82 &"|" & F82 -> Brem (2015)|A-PRIDE 7|Ground|CFM56-7B|1|Climb | AE82: {=I82 / _xlfn.XLOOKUP($AD82 & "|" & $H82, $AD:$AD & "|" & $G:$G, I:I)} -> #DIV/0! | AF82: {=J82 / _xlfn.XLOOKUP($AD82 & "|" & $H82, $AD:$AD & "|" & $G:$G, J:J)} -> #DIV/0! | AG82: {=K82 / _xlfn.XLOOKUP($AD82 & "|" & $H82, $AD:$AD & "|" & $G:$G, K:K)} -> #DIV/0! | AH82: {=L82 / _xlfn.XLOOKUP($AD82 & "|" & $H82, $AD:$AD & "|" & $G:$G, L:L)} -> 1 | AI82: {=M82 / _xlfn.XLOOKUP($AD82 & "|" & $H82, $AD:$AD & "|" & $G:$G, M:M)} -> #DIV/0! | AJ82: {=N82 / _xlfn.XLOOKUP($AD82 & "|" & $H82, $AD:$AD & "|" & $G:$G, N:N)} -> #DIV/0! | AK82: {=O82 / _xlfn.XLOOKUP($AD82 & "|" & $H82, $AD:$AD & "|" & $G:$G, O:O)} -> 1 | AL82: {=P82 / _xlfn.XLOOKUP($AD82 & "|" & $H82, $AD:$AD & "|" & $G:$G, P:P)} -> #DIV/0! | AW82: {=_xlfn.XLOOKUP($AD82 & "|" & $H82, $AD:$AD & "|" & $G:$G, L:L)} -> 14.31 | AZ82: ASTM D3343
A83: Brem (2015) | B83: A-PRIDE 7 | C83: Ground | D83: CFM56-7B | E83: 1 | F83: Take-off | H83: Jet-A1 | L83: 13.77 | O83: 100 | Q83: =3.14*10^14 -> 314000000000000 | AD83: =A83 & "|" & B83 & "|" & C83 & "|" & D83 & "|" & E83 &"|" & F83 -> Brem (2015)|A-PRIDE 7|Ground|CFM56-7B|1|Take-off | AE83: {=I83 / _xlfn.XLOOKUP($AD83 & "|" & $H83, $AD:$AD & "|" & $G:$G, I:I)} -> #DIV/0! | AF83: {=J83 / _xlfn.XLOOKUP($AD83 & "|" & $H83, $AD:$AD & "|" & $G:$G, J:J)} -> #DIV/0! | AG83: {=K83 / _xlfn.XLOOKUP($AD83 & "|" & $H83, $AD:$AD & "|" & $G:$G, K:K)} -> #DIV/0! | AH83: {=L83 / _xlfn.XLOOKUP($AD83 & "|" & $H83, $AD:$AD & "|" & $G:$G, L:L)} -> 0.96226415 | AI83: {=M83 / _xlfn.XLOOKUP($AD83 & "|" & $H83, $AD:$AD & "|" & $G:$G, M:M)} -> #DIV/0! | AJ83: {=N83 / _xlfn.XLOOKUP($AD83 & "|" & $H83, $AD:$AD & "|" & $G:$G, N:N)} -> #DIV/0! | AK83: {=O83 / _xlfn.XLOOKUP($AD83 & "|" & $H83, $AD:$AD & "|" & $G:$G, O:O)} -> 1 | AL83: {=P83 / _xlfn.XLOOKUP($AD83 & "|" & $H83, $AD:$AD & "|" & $G:$G, P:P)} -> #DIV/0! | AM83: {=Q83 / _xlfn.XLOOKUP($AD83 & "|" & $H83, $AD:$AD & "|" & $G:$G, Q:Q)} -> 1.0466667 | AW83: {=_xlfn.XLOOKUP($AD83 & "|" & $H83, $AD:$AD & "|" & $G:$G, L:L)} -> 14.31 | AZ83: ASTM D3343
A84: Brem (2015) | B84: A-PRIDE 7 | C84: Ground | D84: CFM56-7B | E84: 1 | F84: Take-off | H84: Jet-A1 | L84: 13.77 | O84: 100 | Q84: =3.18*10^14 -> 318000000000000 | AD84: =A84 & "|" & B84 & "|" & C84 & "|" & D84 & "|" & E84 &"|" & F84 -> Brem (2015)|A-PRIDE 7|Ground|CFM56-7B|1|Take-off | AE84: {=I84 / _xlfn.XLOOKUP($AD84 & "|" & $H84, $AD:$AD & "|" & $G:$G, I:I)} -> #DIV/0! | AF84: {=J84 / _xlfn.XLOOKUP($AD84 & "|" & $H84, $AD:$AD & "|" & $G:$G, J:J)} -> #DIV/0! | AG84: {=K84 / _xlfn.XLOOKUP($AD84 & "|" & $H84, $AD:$AD & "|" & $G:$G, K:K)} -> #DIV/0! | AH84: {=L84 / _xlfn.XLOOKUP($AD84 & "|" & $H84, $AD:$AD & "|" & $G:$G, L:L)} -> 0.96226415 | AI84: {=M84 / _xlfn.XLOOKUP($AD84 & "|" & $H84, $AD:$AD & "|" & $G:$G, M:M)} -> #DIV/0! | AJ84: {=N84 / _xlfn.XLOOKUP($AD84 & "|" & $H84, $AD:$AD & "|" & $G:$G, N:N)} -> #DIV/0! | AK84: {=O84 / _xlfn.XLOOKUP($AD84 & "|" & $H84, $AD:$AD & "|" & $G:$G, O:O)} -> 1 | AL84: {=P84 / _xlfn.XLOOKUP($AD84 & "|" & $H84, $AD:$AD & "|" & $G:$G, P:P)} -> #DIV/0! | AM84: {=Q84 / _xlfn.XLOOKUP($AD84 & "|" & $H84, $AD:$AD & "|" & $G:$G, Q:Q)} -> 1.06 | AW84: {=_xlfn.XLOOKUP($AD84 & "|" & $H84, $AD:$AD & "|" & $G:$G, L:L)} -> 14.31 | AZ84: ASTM D3343
A85: Brem (2015) | B85: A-PRIDE 7 | C85: Ground | D85: CFM56-7B | E85: 1 | F85: Take-off | H85: Jet-A1 | L85: 13.87 | O85: 100 | Q85: =3.19*10^14 -> 319000000000000 | AD85: =A85 & "|" & B85 & "|" & C85 & "|" & D85 & "|" & E85 &"|" & F85 -> Brem (2015)|A-PRIDE 7|Ground|CFM56-7B|1|Take-off | AE85: {=I85 / _xlfn.XLOOKUP($AD85 & "|" & $H85, $AD:$AD & "|" & $G:$G, I:I)} -> #DIV/0! | AF85: {=J85 / _xlfn.XLOOKUP($AD85 & "|" & $H85, $AD:$AD & "|" & $G:$G, J:J)} -> #DIV/0! | AG85: {=K85 / _xlfn.XLOOKUP($AD85 & "|" & $H85, $AD:$AD & "|" & $G:$G, K:K)} -> #DIV/0! | AH85: {=L85 / _xlfn.XLOOKUP($AD85 & "|" & $H85, $AD:$AD & "|" & $G:$G, L:L)} -> 0.96925227 | AI85: {=M85 / _xlfn.XLOOKUP($AD85 & "|" & $H85, $AD:$AD & "|" & $G:$G, M:M)} -> #DIV/0! | AJ85: {=N85 / _xlfn.XLOOKUP($AD85 & "|" & $H85, $AD:$AD & "|" & $G:$G, N:N)} -> #DIV/0! | AK85: {=O85 / _xlfn.XLOOKUP($AD85 & "|" & $H85, $AD:$AD & "|" & $G:$G, O:O)} -> 1 | AL85: {=P85 / _xlfn.XLOOKUP($AD85 & "|" & $H85, $AD:$AD & "|" & $G:$G, P:P)} -> #DIV/0! | AM85: {=Q85 / _xlfn.XLOOKUP($AD85 & "|" & $H85, $AD:$AD & "|" & $G:$G, Q:Q)} -> 1.0633333 | AW85: {=_xlfn.XLOOKUP($AD85 & "|" & $H85, $AD:$AD & "|" & $G:$G, L:L)} -> 14.31 | AZ85: ASTM D3343
A86: Brem (2015) | B86: A-PRIDE 7 | C86: Ground | D86: CFM56-7B | E86: 1 | F86: Take-off | H86: Jet-A1 | L86: 13.91 | O86: 100 | Q86: =3.08*10^14 -> 308000000000000 | AD86: =A86 & "|" & B86 & "|" & C86 & "|" & D86 & "|" & E86 &"|" & F86 -> Brem (2015)|A-PRIDE 7|Ground|CFM56-7B|1|Take-off | AE86: {=I86 / _xlfn.XLOOKUP($AD86 & "|" & $H86, $AD:$AD & "|" & $G:$G, I:I)} -> #DIV/0! | AF86: {=J86 / _xlfn.XLOOKUP($AD86 & "|" & $H86, $AD:$AD & "|" & $G:$G, J:J)} -> #DIV/0! | AG86: {=K86 / _xlfn.XLOOKUP($AD86 & "|" & $H86, $AD:$AD & "|" & $G:$G, K:K)} -> #DIV/0! | AH86: {=L86 / _xlfn.XLOOKUP($AD86 & "|" & $H86, $AD:$AD & "|" & $G:$G, L:L)} -> 0.97204752 | AI86: {=M86 / _xlfn.XLOOKUP($AD86 & "|" & $H86, $AD:$AD & "|" & $G:$G, M:M)} -> #DIV/0! | AJ86: {=N86 / _xlfn.XLOOKUP($AD86 & "|" & $H86, $AD:$AD & "|" & $G:$G, N:N)} -> #DIV/0! | AK86: {=O86 / _xlfn.XLOOKUP($AD86 & "|" & $H86, $AD:$AD & "|" & $G:$G, O:O)} -> 1 | AL86: {=P86 / _xlfn.XLOOKUP($AD86 & "|" & $H86, $AD:$AD & "|" & $G:$G, P:P)} -> #DIV/0! | AM86: {=Q86 / _xlfn.XLOOKUP($AD86 & "|" & $H86, $AD:$AD & "|" & $G:$G, Q:Q)} -> 1.0266667 | AW86: {=_xlfn.XLOOKUP($AD86 & "|" & $H86, $AD:$AD & "|" & $G:$G, L:L)} -> 14.31 | AZ86: ASTM D3343
A87: Brem (2015) | B87: A-PRIDE 7 | C87: Ground | D87: CFM56-7B | E87: 1 | F87: Take-off | H87: Jet-A1 | L87: 13.94 | O87: 100 | Q87: =3.16*10^14 -> 316000000000000 | AD87: =A87 & "|" & B87 & "|" & C87 & "|" & D87 & "|" & E87 &"|" & F87 -> Brem (2015)|A-PRIDE 7|Ground|CFM56-7B|1|Take-off | AE87: {=I87 / _xlfn.XLOOKUP($AD87 & "|" & $H87, $AD:$AD & "|" & $G:$G, I:I)} -> #DIV/0! | AF87: {=J87 / _xlfn.XLOOKUP($AD87 & "|" & $H87, $AD:$AD & "|" & $G:$G, J:J)} -> #DIV/0! | AG87: {=K87 / _xlfn.XLOOKUP($AD87 & "|" & $H87, $AD:$AD & "|" & $G:$G, K:K)} -> #DIV/0! | AH87: {=L87 / _xlfn.XLOOKUP($AD87 & "|" & $H87, $AD:$AD & "|" & $G:$G, L:L)} -> 0.97414396 | AI87: {=M87 / _xlfn.XLOOKUP($AD87 & "|" & $H87, $AD:$AD & "|" & $G:$G, M:M)} -> #DIV/0! | AJ87: {=N87 / _xlfn.XLOOKUP($AD87 & "|" & $H87, $AD:$AD & "|" & $G:$G, N:N)} -> #DIV/0! | AK87: {=O87 / _xlfn.XLOOKUP($AD87 & "|" & $H87, $AD:$AD & "|" & $G:$G, O:O)} -> 1 | AL87: {=P87 / _xlfn.XLOOKUP($AD87 & "|" & $H87, $AD:$AD & "|" & $G:$G, P:P)} -> #DIV/0! | AM87: {=Q87 / _xlfn.XLOOKUP($AD87 & "|" & $H87, $AD:$AD & "|" & $G:$G, Q:Q)} -> 1.0533333 | AW87: {=_xlfn.XLOOKUP($AD87 & "|" & $H87, $AD:$AD & "|" & $G:$G, L:L)} -> 14.31 | AZ87: ASTM D3343
A88: Brem (2015) | B88: A-PRIDE 7 | C88: Ground | D88: CFM56-7B | E88: 1 | F88: Take-off | H88: Jet-A1 | L88: 13.97 | O88: 100 | Q88: =3.05*10^14 -> 305000000000000 | AD88: =A88 & "|" & B88 & "|" & C88 & "|" & D88 & "|" & E88 &"|" & F88 -> Brem (2015)|A-PRIDE 7|Ground|CFM56-7B|1|Take-off | AE88: {=I88 / _xlfn.XLOOKUP($AD88 & "|" & $H88, $AD:$AD & "|" & $G:$G, I:I)} -> #DIV/0! | AF88: {=J88 / _xlfn.XLOOKUP($AD88 & "|" & $H88, $AD:$AD & "|" & $G:$G, J:J)} -> #DIV/0! | AG88: {=K88 / _xlfn.XLOOKUP($AD88 & "|" & $H88, $AD:$AD & "|" & $G:$G, K:K)} -> #DIV/0! | AH88: {=L88 / _xlfn.XLOOKUP($AD88 & "|" & $H88, $AD:$AD & "|" & $G:$G, L:L)} -> 0.97624039 | AI88: {=M88 / _xlfn.XLOOKUP($AD88 & "|" & $H88, $AD:$AD & "|" & $G:$G, M:M)} -> #DIV/0! | AJ88: {=N88 / _xlfn.XLOOKUP($AD88 & "|" & $H88, $AD:$AD & "|" & $G:$G, N:N)} -> #DIV/0! | AK88: {=O88 / _xlfn.XLOOKUP($AD88 & "|" & $H88, $AD:$AD & "|" & $G:$G, O:O)} -> 1 | AL88: {=P88 / _xlfn.XLOOKUP($AD88 & "|" & $H88, $AD:$AD & "|" & $G:$G, P:P)} -> #DIV/0! | AM88: {=Q88 / _xlfn.XLOOKUP($AD88 & "|" & $H88, $AD:$AD & "|" & $G:$G, Q:Q)} -> 1.0166667 | AW88: {=_xlfn.XLOOKUP($AD88 & "|" & $H88, $AD:$AD & "|" & $G:$G, L:L)} -> 14.31 | AZ88: ASTM D3343
A89: Brem (2015) | B89: A-PRIDE 7 | C89: Ground | D89: CFM56-7B | E89: 1 | F89: Take-off | H89: Jet-A1 | L89: 14.06 | O89: 100 | Q89: =3.14*10^14 -> 314000000000000 | AD89: =A89 & "|" & B89 & "|" & C89 & "|" & D89 & "|" & E89 &"|" & F89 -> Brem (2015)|A-PRIDE 7|Ground|CFM56-7B|1|Take-off | AE89: {=I89 / _xlfn.XLOOKUP($AD89 & "|" & $H89, $AD:$AD & "|" & $G:$G, I:I)} -> #DIV/0! | AF89: {=J89 / _xlfn.XLOOKUP($AD89 & "|" & $H89, $AD:$AD & "|" & $G:$G, J:J)} -> #DIV/0! | AG89: {=K89 / _xlfn.XLOOKUP($AD89 & "|" & $H89, $AD:$AD & "|" & $G:$G, K:K)} -> #DIV/0! | AH89: {=L89 / _xlfn.XLOOKUP($AD89 & "|" & $H89, $AD:$AD & "|" & $G:$G, L:L)} -> 0.9825297 | AI89: {=M89 / _xlfn.XLOOKUP($AD89 & "|" & $H89, $AD:$AD & "|" & $G:$G, M:M)} -> #DIV/0! | AJ89: {=N89 / _xlfn.XLOOKUP($AD89 & "|" & $H89, $AD:$AD & "|" & $G:$G, N:N)} -> #DIV/0! | AK89: {=O89 / _xlfn.XLOOKUP($AD89 & "|" & $H89, $AD:$AD & "|" & $G:$G, O:O)} -> 1 | AL89: {=P89 / _xlfn.XLOOKUP($AD89 & "|" & $H89, $AD:$AD & "|" & $G:$G, P:P)} -> #DIV/0! | AM89: {=Q89 / _xlfn.XLOOKUP($AD89 & "|" & $H89, $AD:$AD & "|" & $G:$G, Q:Q)} -> 1.0466667 | AW89: {=_xlfn.XLOOKUP($AD89 & "|" & $H89, $AD:$AD & "|" & $G:$G, L:L)} -> 14.31 | AZ89: ASTM D3343
A90: Brem (2015) | B90: A-PRIDE 7 | C90: Ground | D90: CFM56-7B | E90: 1 | F90: Take-off | G90: Jet-A1 | H90: Jet-A1 | L90: 14.31 | O90: 100 | Q90: =3*10^14 -> 300000000000000 | AD90: =A90 & "|" & B90 & "|" & C90 & "|" & D90 & "|" & E90 &"|" & F90 -> Brem (2015)|A-PRIDE 7|Ground|CFM56-7B|1|Take-off | AE90: {=I90 / _xlfn.XLOOKUP($AD90 & "|" & $H90, $AD:$AD & "|" & $G:$G, I:I)} -> #DIV/0! | AF90: {=J90 / _xlfn.XLOOKUP($AD90 & "|" & $H90, $AD:$AD & "|" & $G:$G, J:J)} -> #DIV/0! | AG90: {=K90 / _xlfn.XLOOKUP($AD90 & "|" & $H90, $AD:$AD & "|" & $G:$G, K:K)} -> #DIV/0! | AH90: {=L90 / _xlfn.XLOOKUP($AD90 & "|" & $H90, $AD:$AD & "|" & $G:$G, L:L)} -> 1 | AI90: {=M90 / _xlfn.XLOOKUP($AD90 & "|" & $H90, $AD:$AD & "|" & $G:$G, M:M)} -> #DIV/0! | AJ90: {=N90 / _xlfn.XLOOKUP($AD90 & "|" & $H90, $AD:$AD & "|" & $G:$G, N:N)} -> #DIV/0! | AK90: {=O90 / _xlfn.XLOOKUP($AD90 & "|" & $H90, $AD:$AD & "|" & $G:$G, O:O)} -> 1 | AL90: {=P90 / _xlfn.XLOOKUP($AD90 & "|" & $H90, $AD:$AD & "|" & $G:$G, P:P)} -> #DIV/0! | AW90: {=_xlfn.XLOOKUP($AD90 & "|" & $H90, $AD:$AD & "|" & $G:$G, L:L)} -> 14.31 | AZ90: ASTM D3343
A91: Durdina (2021) | B91: EMPAIREX 1 | C91: Ground | D91: CFM56-7B | E91: 1 | F91: Idle (min) | G91: Jet A-1 | I91: 18.1 | J91: 0.79 | L91: 13.57 | M91: 282.9 | N91: 282.9 | O91: 3 | P91: 316.536 | Q91: 2.04834e+15 | AD91: =A91 & "|" & B91 & "|" & C91 & "|" & D91 & "|" & E91 &"|" & F91 -> Durdina (2021)|EMPAIREX 1|Ground|CFM56-7B|1|Idle (min) | AW91: {=_xlfn.XLOOKUP($AD91 & "|" & $H91, $AD:$AD & "|" & $G:$G, L:L)} -> #N/A | AZ91: ASTM D7171
A92: Durdina (2021) | B92: EMPAIREX 1 | C92: Ground | D92: CFM56-7B | E92: 1 | F92: Idle (approach) | G92: Jet A-1 | I92: 18.1 | J92: 0.79 | L92: 13.57 | M92: 282.9 | N92: 282.9 | O92: 7 | P92: =0.12518*60*60 -> 450.648 | Q92: 301922000000000 | AD92: =A92 & "|" & B92 & "|" & C92 & "|" & D92 & "|" & E92 &"|" & F92 -> Durdina (2021)|EMPAIREX 1|Ground|CFM56-7B|1|Idle (approach) | AW92: {=_xlfn.XLOOKUP($AD92 & "|" & $H92, $AD:$AD & "|" & $G:$G, L:L)} -> #N/A | AZ92: ASTM D7171
A93: Durdina (2021) | B93: EMPAIREX 1 | C93: Ground | D93: CFM56-7B | E93: 1 | F93: Intermediate | G93: Jet A-1 | I93: 18.1 | J93: 0.79 | L93: 13.57 | M93: 282.9 | N93: 282.9 | O93: 30 | P93: =0.33939*60*60 -> 1221.804 | Q93: 458823000000000 | AD93: =A93 & "|" & B93 & "|" & C93 & "|" & D93 & "|" & E93 &"|" & F93 -> Durdina (2021)|EMPAIREX 1|Ground|CFM56-7B|1|Intermediate | AW93: {=_xlfn.XLOOKUP($AD93 & "|" & $H93, $AD:$AD & "|" & $G:$G, L:L)} -> #N/A | AZ93: ASTM D7171
A94: Durdina (2021) | B94: EMPAIREX 1 | C94: Ground | D94: CFM56-7B | E94: 1 | F94: Mid-high power | G94: Jet A-1 | I94: 18.1 | J94: 0.79 | L94: 13.57 | M94: 282.9 | N94: 282.9 | O94: 50 | P94: 2096.518 | Q94: 700478000000000 | AD94: =A94 & "|" & B94 & "|" & C94 & "|" & D94 & "|" & E94 &"|" & F94 -> Durdina (2021)|EMPAIREX 1|Ground|CFM56-7B|1|Mid-high power | AW94: {=_xlfn.XLOOKUP($AD94 & "|" & $H94, $AD:$AD & "|" & $G:$G, L:L)} -> #N/A | AZ94: ASTM D7171
A95: Durdina (2021) | B95: EMPAIREX 1 | C95: Ground | D95: CFM56-7B | E95: 1 | F95: High power | G95: Jet A-1 | I95: 18.1 | J95: 0.79 | L95: 13.57 | M95: 282.9 | N95: 282.9 | O95: 65 | P95: 2752.554 | Q95: 1.59033e+15 | AD95: =A95 & "|" & B95 & "|" & C95 & "|" & D95 & "|" & E95 &"|" & F95 -> Durdina (2021)|EMPAIREX 1|Ground|CFM56-7B|1|High power | AW95: {=_xlfn.XLOOKUP($AD95 & "|" & $H95, $AD:$AD & "|" & $G:$G, L:L)} -> #N/A | AZ95: ASTM D7171
A96: Durdina (2021) | B96: EMPAIREX 1 | C96: Ground | D96: CFM56-7B | E96: 1 | F96: Climb | G96: Jet A-1 | I96: 18.1 | J96: 0.79 | L96: 13.57 | M96: 282.9 | N96: 282.9 | O96: 85 | P96: =1.00756*60*60 -> 3627.216 | Q96: 1.50059e+15 | AD96: =A96 & "|" & B96 & "|" & C96 & "|" & D96 & "|" & E96 &"|" & F96 -> Durdina (2021)|EMPAIREX 1|Ground|CFM56-7B|1|Climb | AW96: {=_xlfn.XLOOKUP($AD96 & "|" & $H96, $AD:$AD & "|" & $G:$G, L:L)} -> #N/A | AZ96: ASTM D7171
A97: Durdina (2021) | B97: EMPAIREX 1 | C97: Ground | D97: CFM56-7B | E97: 1 | F97: Take-off | G97: Jet A-1 | I97: 18.1 | J97: 0.79 | L97: 13.57 | M97: 282.9 | N97: 282.9 | O97: 100 | P97: =1.23901*60*60 -> 4460.436 | Q97: 1.2336e+15 | AD97: =A97 & "|" & B97 & "|" & C97 & "|" & D97 & "|" & E97 &"|" & F97 -> Durdina (2021)|EMPAIREX 1|Ground|CFM56-7B|1|Take-off | AW97: {=_xlfn.XLOOKUP($AD97 & "|" & $H97, $AD:$AD & "|" & $G:$G, L:L)} -> #N/A | AZ97: ASTM D7171
A98: Durdina (2021) | B98: EMPAIREX 1 | C98: Ground | D98: CFM56-7B | E98: 1 | F98: Idle (min) | G98: 32% HEFA blend | H98: Jet A-1 | I98: 11.3 | J98: 0.53 | L98: 14.05 | M98: 282.9 | N98: 282.9 | O98: 3 | P98: 316.536 | Q98: 772116000000000 | AD98: =A98 & "|" & B98 & "|" & C98 & "|" & D98 & "|" & E98 &"|" & F98 -> Durdina (2021)|EMPAIREX 1|Ground|CFM56-7B|1|Idle (min) | AE98: {=I98 / _xlfn.XLOOKUP($AD98 & "|" & $H98, $AD:$AD & "|" & $G:$G, I:I)} -> 0.62430939 | AF98: {=J98 / _xlfn.XLOOKUP($AD98 & "|" & $H98, $AD:$AD & "|" & $G:$G, J:J)} -> 0.67088608 | AG98: {=K98 / _xlfn.XLOOKUP($AD98 & "|" & $H98, $AD:$AD & "|" & $G:$G, K:K)} -> #DIV/0! | AH98: {=L98 / _xlfn.XLOOKUP($AD98 & "|" & $H98, $AD:$AD & "|" & $G:$G, L:L)} -> 1.0353721 | AI98: {=M98 / _xlfn.XLOOKUP($AD98 & "|" & $H98, $AD:$AD & "|" & $G:$G, M:M)} -> 1 | AJ98: {=N98 / _xlfn.XLOOKUP($AD98 & "|" & $H98, $AD:$AD & "|" & $G:$G, N:N)} -> 1 | AK98: {=O98 / _xlfn.XLOOKUP($AD98 & "|" & $H98, $AD:$AD & "|" & $G:$G, O:O)} -> 1 | AL98: {=P98 / _xlfn.XLOOKUP($AD98 & "|" & $H98, $AD:$AD & "|" & $G:$G, P:P)} -> 1 | AM98: {=Q98 / _xlfn.XLOOKUP($AD98 & "|" & $H98, $AD:$AD & "|" & $G:$G, Q:Q)} -> 0.37694719 | AW98: {=_xlfn.XLOOKUP($AD98 & "|" & $H98, $AD:$AD & "|" & $G:$G, L:L)} -> 13.57 | AZ98: ASTM D7171
A99: Durdina (2021) | B99: EMPAIREX 1 | C99: Ground | D99: CFM56-7B | E99: 1 | F99: Idle (approach) | G99: 32% HEFA blend | H99: Jet A-1 | I99: 11.3 | J99: 0.53 | L99: 14.05 | M99: 282.9 | N99: 282.9 | O99: 7 | P99: =0.12518*60*60 -> 450.648 | Q99: 120377000000000 | AD99: =A99 & "|" & B99 & "|" & C99 & "|" & D99 & "|" & E99 &"|" & F99 -> Durdina (2021)|EMPAIREX 1|Ground|CFM56-7B|1|Idle (approach) | AE99: {=I99 / _xlfn.XLOOKUP($AD99 & "|" & $H99, $AD:$AD & "|" & $G:$G, I:I)} -> 0.62430939 | AF99: {=J99 / _xlfn.XLOOKUP($AD99 & "|" & $H99, $AD:$AD & "|" & $G:$G, J:J)} -> 0.67088608 | AG99: {=K99 / _xlfn.XLOOKUP($AD99 & "|" & $H99, $AD:$AD & "|" & $G:$G, K:K)} -> #DIV/0! | AH99: {=L99 / _xlfn.XLOOKUP($AD99 & "|" & $H99, $AD:$AD & "|" & $G:$G, L:L)} -> 1.0353721 | AI99: {=M99 / _xlfn.XLOOKUP($AD99 & "|" & $H99, $AD:$AD & "|" & $G:$G, M:M)} -> 1 | AJ99: {=N99 / _xlfn.XLOOKUP($AD99 & "|" & $H99, $AD:$AD & "|" & $G:$G, N:N)} -> 1 | AK99: {=O99 / _xlfn.XLOOKUP($AD99 & "|" & $H99, $AD:$AD & "|" & $G:$G, O:O)} -> 1 | AL99: {=P99 / _xlfn.XLOOKUP($AD99 & "|" & $H99, $AD:$AD & "|" & $G:$G, P:P)} -> 1 | AM99: {=Q99 / _xlfn.XLOOKUP($AD99 & "|" & $H99, $AD:$AD & "|" & $G:$G, Q:Q)} -> 0.39870231 | AW99: {=_xlfn.XLOOKUP($AD99 & "|" & $H99, $AD:$AD & "|" & $G:$G, L:L)} -> 13.57 | AZ99: ASTM D7171
A100: Durdina (2021) | B100: EMPAIREX 1 | C100: Ground | D100: CFM56-7B | E100: 1 | F100: Intermediate | G100: 32% HEFA blend | H100: Jet A-1 | I100: 11.3 | J100: 0.53 | L100: 14.05 | M100: 282.9 | N100: 282.9 | O100: 30 | P100: =0.33939*60*60 -> 1221.804 | Q100: 311177000000000 | AD100: =A100 & "|" & B100 & "|" & C100 & "|" & D100 & "|" & E100 &"|" & F100 -> Durdina (2021)|EMPAIREX 1|Ground|CFM56-7B|1|Intermediate | AE100: {=I100 / _xlfn.XLOOKUP($AD100 & "|" & $H100, $AD:$AD & "|" & $G:$G, I:I)} -> 0.62430939 | AF100: {=J100 / _xlfn.XLOOKUP($AD100 & "|" & $H100, $AD:$AD & "|" & $G:$G, J:J)} -> 0.67088608 | AG100: {=K100 / _xlfn.XLOOKUP($AD100 & "|" & $H100, $AD:$AD & "|" & $G:$G, K:K)} -> #DIV/0! | AH100: {=L100 / _xlfn.XLOOKUP($AD100 & "|" & $H100, $AD:$AD & "|" & $G:$G, L:L)} -> 1.0353721 | AI100: {=M100 / _xlfn.XLOOKUP($AD100 & "|" & $H100, $AD:$AD & "|" & $G:$G, M:M)} -> 1 | AJ100: {=N100 / _xlfn.XLOOKUP($AD100 & "|" & $H100, $AD:$AD & "|" & $G:$G, N:N)} -> 1 | AK100: {=O100 / _xlfn.XLOOKUP($AD100 & "|" & $H100, $AD:$AD & "|" & $G:$G, O:O)} -> 1 | AL100: {=P100 / _xlfn.XLOOKUP($AD100 & "|" & $H100, $AD:$AD & "|" & $G:$G, P:P)} -> 1 | AM100: {=Q100 / _xlfn.XLOOKUP($AD100 & "|" & $H100, $AD:$AD & "|" & $G:$G, Q:Q)} -> 0.67820706 | AW100: {=_xlfn.XLOOKUP($AD100 & "|" & $H100, $AD:$AD & "|" & $G:$G, L:L)} -> 13.57 | AZ100: ASTM D7171
...

Sheet Sheet1
A4: Eg no 3 Idle (min) | B4: FT | C4: JP-8 | D4: 1.4 | E4: 0 | F4: 4 | G4: 15 | H4: 285.95 | I4: 285.95 | J4: 4 | K4: 457.2 | L4: #DIV/0!
A5: Eg no 3 Idle (approach) | B5: FT | C5: JP-8 | D5: 1.4 | E5: 0 | F5: 4 | G5: 15 | H5: 286.48333 | I5: 286.48333 | J5: 7 | K5: 561.096 | L5: 32400000000000 | O5: =L5/L11 -> 0.10646221
A6: Eg no 3 Intermediate | B6: FT | C6: JP-8 | D6: 1.4 | E6: 0 | F6: 4 | G6: 15 | H6: 286.75 | I6: 286.75 | J6: 30 | K6: 1231.2 | L6: 22100000000000 | O6: =L6/L12 -> 0.34504294
A7: Eg no 3 Mid power | B7: FT | C7: JP-8 | D7: 1.4 | E7: 0 | F7: 4 | G7: 15 | H7: 286.2 | I7: 286.2 | J7: 65 | K7: 2167.2 | L7: 98800000000000 | O7: =L7/L13 -> 0.77795276
A8: Eg no 3 Climb | B8: FT | C8: JP-8 | D8: 1.4 | E8: 0 | F8: 4 | G8: 15 | H8: 287.15 | I8: 287.15 | J8: 85 | K8: 3042 | L8: 240000000000000 | O8: =L8/L14 -> 0.9486166
A9: Eg no 3 Take-off | B9: FT | C9: JP-8 | D9: 1.4 | E9: 0 | F9: 4 | G9: 15 | H9: 286.45 | I9: 286.45 | J9: 100 | K9: 3218.4 | L9: 314000000000000 | O9: =L9/L15 -> 0.94578313
A10: Eg no 3 Idle (min) | B10: FTS | C10: JP-8 | D10: 2.1 | E10: 0 | F10: 1083 | G10: 15 | H10: 286.45 | I10: 286.45 | J10: 4 | K10: 457.2 | L10: #DIV/0!
A11: Eg no 3 Idle (approach) | B11: FTS | C11: JP-8 | D11: 2.1 | E11: 0 | F11: 1083 | G11: 15 | H11: 287.01667 | I11: 287.01667 | J11: 7 | K11: 561.096 | L11: 3.0433333e+14
A12: Eg no 3 Intermediate | B12: FTS | C12: JP-8 | D12: 2.1 | E12: 0 | F12: 1083 | G12: 15 | H12: 287.05 | I12: 287.05 | J12: 30 | K12: 1231.2 | L12: 64050000000000
A13: Eg no 3 Mid power | B13: FTS | C13: JP-8 | D13: 2.1 | E13: 0 | F13: 1083 | G13: 15 | H13: 287.3 | I13: 287.3 | J13: 65 | K13: 2167.2 | L13: 127000000000000
A14: Eg no 3 Climb | B14: FTS | C14: JP-8 | D14: 2.1 | E14: 0 | F14: 1083 | G14: 15 | H14: 288.15 | I14: 288.15 | J14: 85 | K14: 3042 | L14: 253000000000000
A15: Eg no 3 Take-off | B15: FTS | C15: JP-8 | D15: 2.1 | E15: 0 | F15: 1083 | G15: 15 | H15: 287.05 | I15: 287.05 | J15: 100 | K15: 3218.4 | L15: 332000000000000

Sheet NASA data 30 to 100
A1: ID | B1: Mission | C1: Engine | D1: Fuel | E1: Aromatics | F1: Naph | G1: Sulfur | H1: Hydrogen | I1: TempC | J1: Thrust | K1: FF | L1: HotEIn | M1: VolEIn | N1: ColdEIn | O1: mBC | P1: Org_Fract | Q1: SO4_Fract | R1: mOrg | S1: mSO4 | X1: Engine2 | Y1: Engine3 | Z1: N1 | AA1: N2 | AB1: EGT | AD1: ColdGMD | AE1: ColdVMD | AF1: HotGMD | AG1: HotVMD | AI1: nPoints | AK1: ColdV | AL1: HotV | AM1: VolV
A2: 1 | B2: APEX | C2: 3 | D2: JP-8 | E2: 17.6 | F2: 0.93 | G2: 383 | H2: 13.69 | I2: 21 | J2: 30 | K2: 0.34156214 | L2: 203000000000000 | M2: 8.11e+15 | N2: 8.32e+15 | O2: 2.233 | P2: NA | Q2: NA | R2: NA | S2: NA | X2: 0 | Y2: 1 | Z2: 54.8 | AA2: 83 | AB2: 786 | AD2: 16.205195 | AE2: 37.435572 | AF2: 17.008135 | AG2: 47.75287 | AI2: 158 | AK2: 59 | AL2: 18 | AM2: 41.1
A3: 2 | B3: APEX | C3: 3 | D3: JP-8 | E3: 17.6 | F3: 0.93 | G3: 383 | H3: 13.69 | I3: 22 | J3: 30 | K3: 0.34156214 | L3: 156000000000000 | M3: 1.2e+16 | N3: 1.21e+16 | O3: 4.925 | P3: NA | Q3: NA | R3: NA | S3: NA | X3: 0 | Y3: 1 | Z3: 53.5 | AA3: 83 | AB3: 779 | AD3: 15.16255 | AE3: 24.211165 | AF3: 17.51781 | AG3: 47.42213 | AI3: 191 | AK3: 58.2 | AL3: 13.4 | AM3: 44.8
A4: 3 | B4: APEX | C4: 3 | D4: JP-8 | E4: 17.6 | F4: 0.93 | G4: 383 | H4: 13.69 | I4: 25 | J4: 30 | K4: 0.34156214 | L4: 271000000000000 | M4: 1.16e+16 | N4: 1.19e+16 | O4: 4.632 | P4: NA | Q4: NA | R4: NA | S4: NA | X4: 0 | Y4: 1 | Z4: 52.5 | AA4: 85 | AB4: 781 | AD4: 16.751233 | AE4: 25.48232 | AF4: 12.523088 | AG4: 56.265082 | AI4: 277 | AK4: 93.4 | AL4: 22.5 | AM4: 70.9
A5: 4 | B5: APEX | C5: 3 | D5: JP-8 | E5: 17.6 | F5: 0.93 | G5: 383 | H5: 13.69 | I5: 27 | J5: 30 | K5: 0.34156214 | L5: 225000000000000 | M5: 1.22e+16 | N5: 1.24e+16 | O5: 3.333 | P5: NA | Q5: NA | R5: NA | S5: NA | X5: 0 | Y5: 1 | Z5: 53.5 | AA5: 84 | AB5: 771 | AD5: 16.220578 | AE5: 23.820617 | AF5: 12.56352 | AG5: 56.89679 | AI5: 332 | AK5: 70.5 | AL5: 21.2 | AM5: 49.4
A6: 5 | B6: APEX | C6: NA | D6: NA | E6: NA | F6: NA | G6: NA | H6: NA | I6: NA | J6: 30 | K6: 0.34156214 | L6: NA | M6: NA | N6: NA | O6: NA | P6: NA | Q6: NA | R6: NA | S6: NA | X6: NA | Y6: NA | Z6: NA | AA6: NA | AB6: NA | AD6: NA | AE6: NA | AF6: NA | AG6: NA | AI6: NA | AK6: NA | AL6: NA | AM6: NA
A7: 6 | B7: APEX | C7: 3 | D7: JP-8 | E7: 17.6 | F7: 0.93 | G7: 383 | H7: 13.69 | I7: 33 | J7: 30 | K7: 0.34156214 | L7: 285000000000000 | M7: 1.52e+16 | N7: 1.55e+16 | O7: 4.185 | P7: NA | Q7: NA | R7: NA | S7: NA | X7: 0 | Y7: 1 | Z7: 52 | AA7: 70 | AB7: 804 | AD7: 12.185417 | AE7: 23.201647 | AF7: 13.37111 | AG7: 56.779737 | AI7: 327 | AK7: 32.9 | AL7: 19.1 | AM7: 13.8
A8: 7 | B8: APEX | C8: 3 | D8: JP-8 | E8: 17.6 | F8: 0.93 | G8: 383 | H8: 13.69 | I8: 24 | J8: 30 | K8: 0.34156214 | L8: 112000000000000 | M8: 2.58e+16 | N8: 2.59e+16 | O8: 7.896 | P8: 0.767 | Q8: 0.233 | R8: 21.059777 | S8: 6.4099936 | X8: 0 | Y8: 1 | Z8: 53 | AA8: 85 | AB8: 792 | AD8: 12.002846 | AE8: 19.144358 | AF8: 15.17721 | AG8: 50.698227 | AI8: 280 | AK8: 35.8 | AL8: 12.9 | AM8: 22.9
A9: 8 | B9: APEX | C9: 3 | D9: JP-8 | E9: 17.6 | F9: 0.93 | G9: 383 | H9: 13.69 | I9: 34 | J9: 30 | K9: 0.34156214 | L9: 168000000000000 | M9: 1.23e+16 | N9: 1.24e+16 | O9: 5.739 | P9: 0.481 | Q9: 0.519 | R9: 12.456539 | S9: 13.427221 | X9: 0 | Y9: 1 | Z9: 54 | AA9: 85 | AB9: 805 | AD9: 12.696178 | AE9: 23.133878 | AF9: 12.11744 | AG9: 51.418053 | AI9: 225 | AK9: 37.7 | AL9: 16.1 | AM9: 21.6
A10: 9 | B10: APEX | C10: 3 | D10: Sulfur | E10: 17.3 | F10: 1.31 | G10: 1595 | H10: 13.67 | I10: 33 | J10: 30 | K10: 0.34156214 | L10: 184000000000000 | M10: 5.49e+16 | N10: 5.51e+16 | O10: 5.12 | P10: NA | Q10: NA | R10: NA | S10: NA | X10: 0 | Y10: 1 | Z10: 52.5 | AA10: 85 | AB10: 784 | AD10: 15.543236 | AE10: 20.587301 | AF10: 11.289617 | AG10: 44.919876 | AI10: 287 | AK10: 133.7 | AL10: 12.6 | AM10: 121.1
A11: 10 | B11: APEX | C11: 3 | D11: Sulfur | E11: 17.3 | F11: 1.31 | G11: 1595 | H11: 13.67 | I11: 26 | J11: 30 | K11: 0.34156214 | L11: 105000000000000 | M11: 6.54e+16 | N11: 6.55e+16 | O11: 6.271 | P11: 0.586 | Q11: 0.414 | R11: 112.4067 | S11: 79.452463 | X11: 0 | Y11: 1 | Z11: 52.8 | AA11: 84 | AB11: 774 | AD11: 15.585523 | AE11: 20.277694 | AF11: 12.732518 | AG11: 45.947152 | AI11: 243 | AK11: 172.4 | AL11: 12.6 | AM11: 159.9
A12: 11 | B12: APEX | C12: NA | D12: NA | E12: NA | F12: NA | G12: NA | H12: NA | I12: NA | J12: 30 | K12: 0.34156214 | L12: NA | M12: NA | N12: NA | O12: NA | P12: NA | Q12: NA | R12: NA | S12: NA | X12: NA | Y12: NA | Z12: NA | AA12: NA | AB12: NA | AD12: 14.663411 | AE12: 24.970177 | AF12: NA | AG12: NA | AI12: NA | AK12: NA | AL12: NA | AM12: NA
A13: 12 | B13: APEX | C13: 3 | D13: Aromatic | E13: 21.8 | F13: 1.34 | G13: 530 | H13: 13.7 | I13: 30 | J13: 30 | K13: 0.34156214 | L13: 83800000000000 | M13: 2.97e+16 | N13: 2.98e+16 | O13: 5.12 | P13: 0.519 | Q13: 0.481 | R13: 21.207088 | S13: 19.652157 | X13: 0 | Y13: 1 | Z13: 53.5 | AA13: 85 | AB13: 780 | AD13: 11.93553 | AE13: 17.24499 | AF13: 17.361536 | AG13: 54.593308 | AI13: 230 | AK13: 47.3 | AL13: 13.2 | AM13: 34
A14: 13 | B14: APEX | C14: 3 | D14: Aromatic | E14: 21.8 | F14: 1.34 | G14: 530 | H14: 13.7 | I14: 21 | J14: 30 | K14: 0.34156214 | L14: 125000000000000 | M14: 3.93e+16 | N14: 3.94e+16 | O14: 4.328 | P14: 0.674 | Q14: 0.326 | R14: 36.234059 | S14: 17.531853 | X14: 0 | Y14: 1 | Z14: 53 | AA14: 83 | AB14: 776 | AD14: 12.746729 | AE14: 17.563996 | AF14: 19.248055 | AG14: 46.032952 | AI14: 217 | AK14: 54.9 | AL14: 10.1 | AM14: 44.8
A15: 14 | B15: APEX | C15: 3 | D15: Sulfur | E15: 17.3 | F15: 1.31 | G15: 1595 | H15: 13.67 | I15: 24 | J15: 30 | K15: 0.34156214 | L15: 227000000000000 | M15: 3.84e+16 | N15: 3.87e+16 | O15: 31.729 | P15: 0.637 | Q15: 0.363 | R15: 89.646387 | S15: 51.142377 | X15: 0 | Y15: 1 | Z15: 52 | AA15: 85 | AB15: 807 | AD15: 14.45236 | AE15: 31.603603 | AF15: 20.45368 | AG15: 58.117223 | AI15: 216 | AK15: 177.4 | AL15: 60.1 | AM15: 117.3
A16: 15 | B16: APEX | C16: 3 | D16: Sulfur | E16: 17.3 | F16: 1.31 | G16: 1595 | H16: 13.67 | I16: 24 | J16: 30 | K16: 0.34156214 | L16: 91400000000000 | M16: 5.81e+16 | N16: 5.82e+16 | O16: 4.301 | P16: 0.613 | Q16: 0.387 | R16: 90.989846 | S16: 57.386534 | X16: 0 | Y16: 1 | Z16: 53 | AA16: 83 | AB16: 819 | AD16: 14.43933 | AE16: 22.868701 | AF16: 14.704304 | AG16: 58.579778 | AI16: 259 | AK16: 136.2 | AL16: 12.6 | AM16: 123.6
A17: 16 | B17: AAFEX-I | C17: 3 | D17: JP-8 | E17: 18.6 | F17: 1.6 | G17: 1148 | H17: 13.6 | I17: 5.6 | J17: 30 | K17: 0.34156214 | L17: 360000000000000 | M17: 2.65e+16 | N17: 2.7e+16 | O17: 8.962 | P17: NA | Q17: NA | R17: NA | S17: NA | X17: 0 | Y17: 1 | Z17: 53 | AA17: 71 | AB17: 763 | AD17: 12.7571 | AE17: 19.855 | AF17: 13.153 | AG17: 49.4759 | AI17: 140 | AK17: 68.4 | AL17: 8 | AM17: 60.4
A18: 17 | B18: AAFEX-I | C18: 2 | D18: JP-8 | E18: 18.6 | F18: 1.6 | G18: 1148 | H18: 13.6 | I18: 5.7 | J18: 30 | K18: 0.34156214 | L18: 500000000000000 | M18: 2.54e+16 | N18: 2.6e+16 | O18: 13.029 | P18: NA | Q18: NA | R18: NA | S18: NA | X18: 1 | Y18: 0 | Z18: NA | AA18: NA | AB18: NA | AD18: 13.7169 | AE18: 22.2152 | AF18: 15.5949 | AG18: 54.0442 | AI18: 140 | AK18: 80.7 | AL18: 10.8 | AM18: 69.9
A19: 18 | B19: AAFEX-I | C19: 3 | D19: JP-8 | E19: 18.6 | F19: 1.6 | G19: 1148 | H19: 13.6 | I19: 5.8 | J19: 30 | K19: 0.34156214 | L19: 550000000000000 | M19: 4.4e+16 | N19: 4.5e+16 | O19: 11.631 | P19: NA | Q19: NA | R19: NA | S19: NA | X19: 0 | Y19: 1 | Z19: 83 | AA19: 81 | AB19: 766 | AD19: 15.3705 | AE19: 28.3007 | AF19: 15.0392 | AG19: 165.186 | AI19: 45 | AK19: 104.4 | AL19: 45.8 | AM19: 58.6
A20: 19 | B20: AAFEX-I | C20: 2 | D20: JP-8 | E20: 18.6 | F20: 1.6 | G20: 1148 | H20: 13.6 | I20: 4.8 | J20: 30 | K20: 0.34156214 | L20: 620000000000000 | M20: 2.97e+16 | N20: 3e+16 | O20: 22.116 | P20: NA | Q20: NA | R20: NA | S20: NA | X20: 1 | Y20: 0 | Z20: NA | AA20: NA | AB20: NA | AD20: 15.7994 | AE20: 32.4053 | AF20: 16.3575 | AG20: 122.118 | AI20: 64 | AK20: 92.3 | AL20: 39.7 | AM20: 52.6
A21: 20 | B21: AAFEX-I | C21: 2 | D21: JP-8 | E21: 18.6 | F21: 1.6 | G21: 1148 | H21: 13.6 | I21: 9.2 | J21: 30 | K21: 0.34156214 | L21: 750000000000000 | M21: 7.4e+15 | N21: 8.1e+15 | O21: 27.267 | P21: NA | Q21: NA | R21: NA | S21: NA | X21: 1 | Y21: 0 | Z21: NA | AA21: NA | AB21: NA | AD21: 14.4507 | AE21: 27.4446 | AF21: 16.4515 | AG21: 57.1291 | AI21: 159 | AK21: 105.8 | AL21: 22.6 | AM21: 83.1
A22: 21 | B22: AAFEX-I | C22: 3 | D22: JP-8 | E22: 18.6 | F22: 1.6 | G22: 1148 | H22: 13.6 | I22: 9.2 | J22: 30 | K22: 0.34156214 | L22: 470000000000000 | M22: 3.25e+16 | N22: 3.3e+16 | O22: 12.352 | P22: NA | Q22: NA | R22: NA | S22: NA | X22: 0 | Y22: 1 | Z22: 53 | AA22: 81 | AB22: 769 | AD22: 12.7026 | AE22: 19.8366 | AF22: 14.1073 | AG22: 52.2658 | AI22: 210 | AK22: 75.5 | AL22: 13.2 | AM22: 62.3
A23: 22 | B23: AAFEX-I | C23: 3 | D23: JP-8 | E23: 18.6 | F23: 1.6 | G23: 1148 | H23: 13.6 | I23: 10 | J23: 30 | K23: 0.34156214 | L23: 410000000000000 | M23: 3.15e+16 | N23: 3.2e+16 | O23: 10.889 | P23: NA | Q23: NA | R23: NA | S23: NA | X23: 0 | Y23: 1 | Z23: 53 | AA23: 81 | AB23: 746 | AD23: 13.1735 | AE23: 20.8428 | AF23: 15.6302 | AG23: 50.5555 | AI23: 110 | AK23: 75.4 | AL23: 11 | AM23: 64.5
A24: 23 | B24: AAFEX-I | C24: 3 | D24: JP-8 | E24: 18.6 | F24: 1.6 | G24: 1148 | H24: 13.6 | I24: -4.1 | J24: 30 | K24: 0.34156214 | L24: 570000000000000 | M24: 3.94e+16 | N24: 4e+16 | O24: 15.952 | P24: NA | Q24: NA | R24: NA | S24: NA | X24: 0 | Y24: 1 | Z24: 54 | AA24: 81 | AB24: 745 | AD24: 13.2823 | AE24: 22.1903 | AF24: 17.0766 | AG24: 57.1167 | AI24: 83 | AK24: 97.1 | AL24: 18.5 | AM24: 78.6
A25: 24 | B25: AAFEX-I | C25: 2 | D25: JP-8 | E25: 18.6 | F25: 1.6 | G25: 1148 | H25: 13.6 | I25: -3.7 | J25: 30 | K25: 0.34156214 | L25: 770000000000000 | M25: 3.16e+16 | N25: 3.2e+16 | O25: 27.91 | P25: NA | Q25: NA | R25: NA | S25: NA | X25: 1 | Y25: 0 | Z25: NA | AA25: NA | AB25: NA | AD25: 14.4476 | AE25: 26.5723 | AF25: 17.4739 | AG25: 57.7243 | AI25: 166 | AK25: 124.1 | AL25: 29.3 | AM25: 94.8
A26: 25 | B26: AAFEX-I | C26: 3 | D26: JP-8 | E26: 18.6 | F26: 1.6 | G26: 1148 | H26: 13.6 | I26: 3 | J26: 30 | K26: 0.34156214 | L26: 9.4e+15 | M26: 2.46e+16 | N26: 3.4e+16 | O26: 16.028 | P26: NA | Q26: NA | R26: NA | S26: NA | X26: 0 | Y26: 1 | Z26: 53 | AA26: 81 | AB26: 736 | AD26: 12.9905 | AE26: 22.1841 | AF26: 12.9683 | AG26: 25.1876 | AI26: 184 | AK26: 94.8 | AL26: 74.2 | AM26: 20.6
A27: 26 | B27: AAFEX-I | C27: 2 | D27: JP-8 | E27: 18.6 | F27: 1.6 | G27: 1148 | H27: 13.6 | I27: 13.5 | J27: 30 | K27: 0.34156214 | L27: 600000000000000 | M27: 2.62e+16 | N27: 2.7e+16 | O27: 21.594 | P27: NA | Q27: NA | R27: NA | S27: NA | X27: 1 | Y27: 0 | Z27: NA | AA27: NA | AB27: NA | AD27: 14.0056 | AE27: 27.8019 | AF27: 18.3978 | AG27: 59.9205 | AI27: 150 | AK27: 85.8 | AL27: 24.4 | AM27: 61.4
A28: 27 | B28: AAFEX-I | C28: 3 | D28: FT1 | E28: 0 | F28: 0 | G28: 19 | H28: 15.5 | I28: 13.4 | J28: 30 | K28: 0.34156214 | L28: 23000000000000 | M28: 1.57e+15 | N28: 1.6e+15 | O28: 1.988 | P28: 0.946 | Q28: 0.054 | R28: 0.95322968 | S28: 0.054278322 | X28: 0 | Y28: 1 | Z28: 53 | AA28: 82 | AB28: 769 | AD28: 13.2382 | AE28: 37.9118 | AF28: 15.2972 | AG28: 70.042 | AI28: 165 | AK28: 1.9 | AL28: 1 | AM28: 0.8
A29: 28 | B29: AAFEX-I | C29: 3 | D29: FT1 | E29: 0 | F29: 0 | G29: 19 | H29: 15.5 | I29: 15 | J29: 30 | K29: 0.34156214 | L29: 9400000000000 | M29: 805000000000000 | N29: 810000000000000 | O29: 3.679 | P29: 0.65 | Q29: 0.35 | R29: 0.61894145 | S29: 0.33359455 | X29: 0 | Y29: 1 | Z29: 53 | AA29: 82 | AB29: 749 | AD29: 17.6534 | AE29: 89.474 | AF29: 18.6721 | AG29: 84.4995 | AI29: 200 | AK29: 1.1 | AL29: 0.3 | AM29: 0.8
A30: 29 | B30: AAFEX-I | C30: 2 | D30: JP-8 | E30: 18.6 | F30: 1.6 | G30: 1148 | H30: 13.6 | I30: 0.5 | J30: 30 | K30: 0.34156214 | L30: 670000000000000 | M30: 3.13e+16 | N30: 3.2e+16 | O30: 24.493 | P30: NA | Q30: NA | R30: NA | S30: NA | X30: 1 | Y30: 0 | Z30: NA | AA30: NA | AB30: NA | AD30: 14.0109 | AE30: 19.8195 | AF30: 16.1427 | AG30: 31.9145 | AI30: 120 | AK30: 89.4 | AL30: 9 | AM30: 80.4
A31: 30 | B31: AAFEX-I | C31: 3 | D31: FT1 | E31: 0 | F31: 0 | G31: 19 | H31: 15.5 | I31: 0.5 | J31: 30 | K31: 0.34156214 | L31: 14000000000000 | M31: 1.54e+15 | N31: 1.6e+15 | O31: 2.4 | P31: NA | Q31: NA | R31: NA | S31: NA | X31: 0 | Y31: 1 | Z31: 54 | AA31: 80 | AB31: 752 | AD31: 13.8372 | AE31: 19.8002 | AF31: 15.9284 | AG31: 31.4375 | AI31: 150 | AK31: 20.4 | AL31: 2.2 | AM31: 18.2
A32: 31 | B32: AAFEX-I | C32: 3 | D32: FT1 | E32: 0 | F32: 0 | G32: 19 | H32: 15.5 | I32: 4 | J32: 30 | K32: 0.34156214 | L32: 33000000000000 | M32: 1.57e+15 | N32: 1.6e+15 | O32: 3.04 | P32: 0.644 | Q32: 0.356 | R32: 0.46376927 | S32: 0.25652113 | X32: 0 | Y32: 1 | Z32: 54 | AA32: 80 | AB32: 737 | AD32: 12.4598 | AE32: 28.4565 | AF32: 15.2867 | AG32: 30.9869 | AI32: 90 | AK32: 0.8 | AL32: 0.2 | AM32: 0.6
A33: 32 | B33: AAFEX-I | C33: 2 | D33: JP-8 | E33: 18.6 | F33: 1.6 | G33: 1148 | H33: 13.6 | I33: 0.7 | J33: 30 | K33: 0.34156214 | L33: 650000000000000 | M33: 2.74e+16 | N33: 2.8e+16 | O33: 25.927 | P33: NA | Q33: NA | R33: NA | S33: NA | X33: 1 | Y33: 0 | Z33: NA | AA33: NA | AB33: NA | AD33: 14.2709 | AE33: 25.8437 | AF33: 17.2302 | AG33: 56.6499 | AI33: 190 | AK33: 102 | AL33: 19.5 | AM33: 82.5
A34: 33 | B34: AAFEX-I | C34: 3 | D34: BlendFT1 | E34: 8 | F34: 0.8 | G34: 699 | H34: 14.5 | I34: 1.1 | J34: 30 | K34: 0.34156214 | L34: 150000000000000 | M34: 1.72e+16 | N34: 1.7e+16 | O34: 3.941 | P34: 0.486 | Q34: 0.514 | R34: 21.767482 | S34: 23.022374 | X34: 0 | Y34: 1 | Z34: 54 | AA34: 81 | AB34: 756 | AD34: 12.3141 | AE34: 17.4361 | AF34: 13.8719 | AG34: 55.8243 | AI34: 185 | AK34: 42.5 | AL34: 5.2 | AM34: 37.3
A35: 34 | B35: AAFEX-I | C35: 3 | D35: BlendFT1 | E35: 8 | F35: 0.8 | G35: 699 | H35: 14.5 | I35: 9 | J35: 30 | K35: 0.34156214 | L35: 130000000000000 | M35: 1.65e+16 | N35: 1.7e+16 | O35: 3.505 | P35: 0.205 | Q35: 0.795 | R35: 7.1398517 | S35: 27.676276 | X35: 0 | Y35: 1 | Z35: 53 | AA35: 81 | AB35: 750 | AD35: 11.9496 | AE35: 17.0083 | AF35: 14.2468 | AG35: 57.6309 | AI35: 180 | AK35: 33.4 | AL35: 4.4 | AM35: 29
A36: 35 | B36: AAFEX-I | C36: 2 | D36: JP-8 | E36: 18.6 | F36: 1.6 | G36: 1148 | H36: 13.6 | I36: 15.6 | J36: 30 | K36: 0.34156214 | L36: 540000000000000 | M36: 2.57e+16 | N36: 2.6e+16 | O36: 19.938 | P36: 0.728 | Q36: 0.272 | R36: 69.298475 | S36: 25.933405 | X36: 1 | Y36: 0 | Z36: NA | AA36: NA | AB36: NA | AD36: 14.1281 | AE36: 24.6554 | AF36: 18.6461 | AG36: 57.3535 | AI36: 170 | AK36: 98.8 | AL36: 19.4 | AM36: 79.4
A37: 36 | B37: AAFEX-I | C37: 3 | D37: FT2 | E37: 0.6 | F37: 0 | G37: 22 | H37: 15.1 | I37: 15.6 | J37: 30 | K37: 0.34156214 | L37: 32000000000000 | M37: 1.52e+15 | N37: 1.6e+15 | O37: 1.766 | P37: NA | Q37: NA | R37: NA | S37: NA | X37: 0 | Y37: 1 | Z37: 53 | AA37: 82 | AB37: 779 | AD37: 14.3427 | AE37: 25.5947 | AF37: 16.2474 | AG37: 73.7081 | AI37: 130 | AK37: 29.5 | AL37: 0.8 | AM37: 28.7
A38: 37 | B38: AAFEX-I | C38: 3 | D38: FT2 | E38: 0.6 | F38: 0 | G38: 22 | H38: 15.1 | I38: 17.9 | J38: 30 | K38: 0.34156214 | L38: 19000000000000 | M38: 827000000000000 | N38: 850000000000000 | O38: 1.779 | P38: 0.731 | Q38: 0.269 | R38: 0.36165238 | S38: 0.13309442 | X38: 0 | Y38: 1 | Z38: 52 | AA38: 82 | AB38: 759 | AD38: 12.5916 | AE38: 54.7279 | AF38: 15.2187 | AG38: 38.8438 | AI38: 110 | AK38: 0.5 | AL38: 0.1 | AM38: 0.4
A39: 38 | B39: AAFEX-I | C39: 2 | D39: JP-8 | E39: 18.6 | F39: 1.6 | G39: 1148 | H39: 13.6 | I39: -0.1 | J39: 30 | K39: 0.34156214 | L39: 630000000000000 | M39: 2.76e+16 | N39: 2.8e+16 | O39: 21.81 | P39: 0.81 | Q39: 0.19 | R39: 67.668123 | S39: 15.860277 | X39: 1 | Y39: 0 | Z39: NA | AA39: NA | AB39: NA | AD39: 13.7795 | AE39: 24.5236 | AF39: 18.2575 | AG39: 56.4086 | AI39: 180 | AK39: 84 | AL39: 14.4 | AM39: 69.6
A40: 39 | B40: AAFEX-I | C40: 3 | D40: FT2 | E40: 0.6 | F40: 0 | G40: 22 | H40: 15.1 | I40: 0 | J40: 30 | K40: 0.34156214 | L40: 65000000000000 | M40: 1.26e+15 | N40: 1.3e+15 | O40: 2.594 | P40: NA | Q40: NA | R40: NA | S40: NA | X40: 0 | Y40: 1 | Z40: 54 | AA40: 81 | AB40: 758 | AD40: 14.0886 | AE40: 37.8982 | AF40: 15.623 | AG40: 59.2231 | AI40: 140 | AK40: 6.4 | AL40: 0.9 | AM40: 5.5
A41: 40 | B41: AAFEX-I | C41: 2 | D41: JP-8 | E41: 18.6 | F41: 1.6 | G41: 1148 | H41: 13.6 | I41: 9.3 | J41: 30 | K41: 0.34156214 | L41: 560000000000000 | M41: 2.55e+16 | N41: 2.6e+16 | O41: 20.332 | P41: NA | Q41: NA | R41: NA | S41: NA | X41: 1 | Y41: 0 | Z41: NA | AA41: NA | AB41: NA | AD41: 13.7392 | AE41: 25.1812 | AF41: 14.9721 | AG41: 55.9218 | AI41: 160 | AK41: 89.7 | AL41: 15.5 | AM41: 74.2
A42: 41 | B42: AAFEX-I | C42: 3 | D42: BlendFT2 | E42: 9.1 | F42: 0.8 | G42: 658 | H42: 14.3 | I42: 9.5 | J42: 30 | K42: 0.34156214 | L42: 160000000000000 | M42: 1.36e+16 | N42: 1.4e+16 | O42: 3.614 | P42: NA | Q42: NA | R42: NA | S42: NA | X42: 0 | Y42: 1 | Z42: 83 | AA42: 94 | AB42: 975 | AD42: 12.1511 | AE42: 20.1228 | AF42: 14.4287 | AG42: 59.0466 | AI42: 140 | AK42: 45.4 | AL42: 7.7 | AM42: 37.7
A43: 42 | B43: AAFEX-I | C43: 3 | D43: BlendFT2 | E43: 9.1 | F43: 0.8 | G43: 658 | H43: 14.3 | I43: 12.9 | J43: 30 | K43: 0.34156214 | L43: 140000000000000 | M43: 1.41e+16 | N43: 1.4e+16 | O43: 3.786 | P43: NA | Q43: NA | R43: NA | S43: NA | X43: 0 | Y43: 1 | Z43: 20 | AA43: 58 | AB43: 745 | AD43: 11.575 | AE43: 17.3063 | AF43: 13.5897 | AG43: 62.022 | AI43: 150 | AK43: 32.1 | AL43: 3.9 | AM43: 28.2
A44: 43 | B44: AAFEX-I | C44: 3 | D44: JP-8 | E44: 18.6 | F44: 1.6 | G44: 1148 | H44: 13.6 | I44: 19.9 | J44: 30 | K44: 0.34156214 | L44: 400000000000000 | M44: 2.58e+16 | N44: 2.6e+16 | O44: 10.731 | P44: NA | Q44: NA | R44: NA | S44: NA | X44: 0 | Y44: 1 | Z44: 53 | AA44: 81 | AB44: 768 | AD44: 12.4818 | AE44: 18.8644 | AF44: 15.6742 | AG44: 54.4715 | AI44: 150 | AK44: 66.2 | AL44: 8.3 | AM44: 57.9
A45: 44 | B45: AAFEX-II | C45: 2 | D45: JP-8 | E45: 21.8 | F45: 1.3 | G45: 188 | H45: 13.5 | I45: 13.3 | J45: 30 | K45: 0.34156214 | L45: 435000000000000 | M45: 6.78e+15 | N45: 7.22e+15 | O45: 14.764 | P45: 0.819 | Q45: 0.181 | R45: 16.413062 | S45: 3.6281504 | X45: 1 | Y45: 0 | Z45: NA | AA45: NA | AB45: NA | AD45: 12.7167 | AE45: 33.2022 | AF45: 20.3087 | AG45: 54.2039 | AI45: 200 | AK45: 25.359 | AL45: 8.65799 | AM45: 16.7
A46: 45 | B46: AAFEX-II | C46: 3 | D46: JP-8 | E46: 21.8 | F46: 1.3 | G46: 188 | H46: 13.5 | I46: 13.3 | J46: 30 | K46: 0.34156214 | L46: 338000000000000 | M46: 3.7e+15 | N46: 4.04e+15 | O46: 9.116 | P46: 0.796 | Q46: 0.204 | R46: 7.284369 | S46: 1.870311 | X46: 0 | Y46: 1 | Z46: NA | AA46: NA | AB46: NA | AD46: 11.0619 | AE46: 35.304 | AF46: 19.0849 | AG46: 51.1865 | AI46: 150 | AK46: 12.238 | AL46: 4.6091 | AM46: 7.6
A47: 46 | B47: AAFEX-II | C47: 3 | D47: JP-8 | E47: 21.8 | F47: 1.3 | G47: 188 | H47: 13.5 | I47: 17.2 | J47: 30 | K47: 0.34156214 | L47: 262000000000000 | M47: 2.78e+15 | N47: 3.04e+15 | O47: 4.986 | P47: 0.77 | Q47: 0.23 | R47: 3.5998777 | S47: 1.0745903 | X47: 0 | Y47: 1 | Z47: NA | AA47: NA | AB47: NA | AD47: 10.7904 | AE47: 34.293 | AF47: 18.4343 | AG47: 54.5557 | AI47: 140 | AK47: 6.79982 | AL47: 2.90443 | AM47: 3.9
A48: 47 | B48: AAFEX-II | C48: NA | D48: NA | E48: NA | F48: NA | G48: NA | H48: NA | I48: NA | J48: 30 | K48: 0.34156214 | L48: NA | M48: NA | N48: NA | O48: NA | P48: NA | Q48: NA | R48: NA | S48: NA | X48: NA | Y48: NA | Z48: NA | AA48: NA | AB48: NA | AD48: 18.0393 | AE48: 51.5065 | AF48: 15.5257 | AG48: 40.706 | AI48: NA | AK48: NA | AL48: NA | AM48: NA
A49: 48 | B49: AAFEX-II | C49: 3 | D49: JP-8 | E49: 21.8 | F49: 1.3 | G49: 188 | H49: 13.5 | I49: 17.2 | J49: 30 | K49: 0.34156214 | L49: 286000000000000 | M49: 2.09e+15 | N49: 2.38e+15 | O49: 7.509 | P49: 0.717 | Q49: 0.283 | R49: 6.1435655 | S49: 2.4228145 | X49: 0 | Y49: 1 | Z49: NA | AA49: NA | AB49: NA | AD49: 11.1776 | AE49: 56.3926 | AF49: 18.8149 | AG49: 51.4294 | AI49: 160 | AK49: 10.8618 | AL49: 3.72315 | AM49: 7.1
A50: 49 | B50: AAFEX-II | C50: 3 | D50: JP-8 | E50: 21.8 | F50: 1.3 | G50: 188 | H50: 13.5 | I50: 16.7 | J50: 30 | K50: 0.34156214 | L50: 262000000000000 | M50: 3.7e+15 | N50: 3.96e+15 | O50: 7.968 | P50: 0.692 | Q50: 0.308 | R50: 5.92191 | S50: 2.640342 | X50: 0 | Y50: 1 | Z50: NA | AA50: NA | AB50: NA | AD50: 10.6053 | AE50: 46.7745 | AF50: 18.1517 | AG50: 46.7896 | AI50: 120 | AK50: 9.80717 | AL50: 2.67196 | AM50: 7.1
A51: 50 | B51: AAFEX-II | C51: 2 | D51: JP-8 | E51: 21.8 | F51: 1.3 | G51: 188 | H51: 13.5 | I51: 8.9 | J51: 30 | K51: 0.34156214 | L51: 446000000000000 | M51: 6.17e+15 | N51: 6.62e+15 | O51: 18.985 | P51: 0.737 | Q51: 0.263 | R51: 14.801056 | S51: 5.2938083 | X51: 1 | Y51: 0 | Z51: NA | AA51: NA | AB51: NA | AD51: 12.2194 | AE51: 44.8074 | AF51: 19.862 | AG51: 60.6783 | AI51: 155 | AK51: 25.693 | AL51: 8.94728 | AM51: 16.7
A52: 51 | B52: AAFEX-II | C52: 3 | D52: HRJ | E52: 0.4 | F52: 0 | G52: 6 | H52: 15.3 | I52: 8.9 | J52: 30 | K52: 0.34156214 | L52: 25100000000000 | M52: 1.49e+15 | N52: 1.52e+15 | O52: 4.022 | P52: 0.709 | Q52: 0.291 | R52: 2.3673357 | S52: 0.96948032 | X52: 0 | Y52: 1 | Z52: NA | AA52: NA | AB52: NA | AD52: 11.6094 | AE52: 131.092 | AF52: 20.4747 | AG52: 122.41 | AI52: 195 | AK52: 4.3584 | AL52: 1.57772 | AM52: 2.8
A53: 52 | B53: AAFEX-II | C53: 3 | D53: HRJ | E53: 0.4 | F53: 0 | G53: 6 | H53: 15.3 | I53: 12.2 | J53: 30 | K53: 0.34156214 | L53: 15600000000000 | M53: 1.45e+15 | N53: 1.46e+15 | O53: 2.708 | P53: 0.661 | Q53: 0.339 | R53: 1.6982334 | S53: 0.8720658 | X53: 0 | Y53: 1 | Z53: NA | AA53: NA | AB53: NA | AD53: 10.1608 | AE53: 142.727 | AF53: 16.5279 | AG53: 107.857 | AI53: 260 | AK53: 2.40704 | AL53: 0.265124 | AM53: 2.1
A54: 53 | B54: AAFEX-II | C54: 2 | D54: JP-8 | E54: 21.8 | F54: 1.3 | G54: 188 | H54: 13.5 | I54: 16.7 | J54: 30 | K54: 0.34156214 | L54: 404000000000000 | M54: 4.89e+15 | N54: 5.3e+15 | O54: 13.756 | P54: 0.673 | Q54: 0.327 | R54: 11.87027 | S54: 5.7552823 | X54: 1 | Y54: 0 | Z54: NA | AA54: NA | AB54: NA | AD54: 11.8339 | AE54: 45.2462 | AF54: 19.5654 | AG54: 54.5054 | AI54: 135 | AK54: 22.1947 | AL54: 7.50674 | AM54: 14.7
A55: 54 | B55: AAFEX-II | C55: 3 | D55: HRJ | E55: 0.4 | F55: 0 | G55: 6 | H55: 15.3 | I55: 17.2 | J55: 30 | K55: 0.34156214 | L55: 19000000000000 | M55: 1.1e+15 | N55: 1.12e+15 | O55: 5.805 | P55: 0.672 | Q55: 0.328 | R55: 0.91610319 | S55: 0.44771961 | X55: 0 | Y55: 1 | Z55: NA | AA55: NA | AB55: NA | AD55: 10.709 | AE55: 47.1867 | AF55: 14.5698 | AG55: 48.6745 | AI55: 120 | AK55: 1.3055 | AL55: 0.168981 | AM55: 1.1
A56: 55 | B56: AAFEX-II | C56: 3 | D56: HRJ | E56: 0.4 | F56: 0 | G56: 6 | H56: 15.3 | I56: 19.4 | J56: 30 | K56: 0.34156214 | L56: 14100000000000 | M56: 586000000000000 | N56: 600000000000000 | O56: 3.342 | P56: 0.712 | Q56: 0.288 | R56: 0.60801616 | S56: 0.24649304 | X56: 0 | Y56: 1 | Z56: NA | AA56: NA | AB56: NA | AD56: 10.2438 | AE56: 86.395 | AF56: 17.1851 | AG56: 49.0478 | AI56: 145 | AK56: 0.819761 | AL56: 0.10767 | AM56: 0.7
A57: 56 | B57: AAFEX-II | C57: 2 | D57: JP-8 | E57: 21.8 | F57: 1.3 | G57: 188 | H57: 13.5 | I57: 22.2 | J57: 30 | K57: 0.34156214 | L57: 401000000000000 | M57: 3.28e+15 | N57: 3.68e+15 | O57: 13.755 | P57: 0.74 | Q57: 0.26 | R57: 8.719099 | S57: 3.059333 | X57: 1 | Y57: 0 | Z57: NA | AA57: NA | AB57: NA | AD57: 11.8673 | AE57: 47.8816 | AF57: 19.8552 | AG57: 54.1402 | AI57: 120 | AK57: 16.8128 | AL57: 6.99744 | AM57: 9.8
A58: 57 | B58: AAFEX-II | C58: 3 | D58: HRJ | E58: 0.4 | F58: 0 | G58: 6 | H58: 15.3 | I58: 22.8 | J58: 30 | K58: 0.34156214 | L58: 11700000000000 | M58: 234000000000000 | N58: 245000000000000 | O58: 1.62 | P58: 0.722 | Q58: 0.278 | R58: 1.3351371 | S58: 0.5144565 | X58: 0 | Y58: 1 | Z58: NA | AA58: NA | AB58: NA | AD58: 14.8139 | AE58: 143.673 | AF58: 17.3715 | AG58: 48.2806 | AI58: 130 | AK58: 1.64387 | AL58: 0.102542 | AM58: 1.5
A59: 58 | B59: AAFEX-II | C59: 3 | D59: HRJ | E59: 0.4 | F59: 0 | G59: 6 | H59: 15.3 | I59: 23.3 | J59: 30 | K59: 0.34156214 | L59: 9800000000000 | M59: 249000000000000 | N59: 259000000000000 | O59: 5.269 | P59: 0.714 | Q59: 0.286 | R59: 1.1906674 | S59: 0.47626697 | X59: 0 | Y59: 1 | Z59: NA | AA59: NA | AB59: NA | AD59: 17.5028 | AE59: 161.548 | AF59: 16.3062 | AG59: 91.5726 | AI59: 158 | AK59: 1.5201 | AL59: 0.130988 | AM59: 1.4
A60: 59 | B60: AAFEX-II | C60: 2 | D60: JP-8 | E60: 21.8 | F60: 1.3 | G60: 188 | H60: 13.5 | I60: 12.2 | J60: 30 | K60: 0.34156214 | L60: 420000000000000 | M60: 5.07e+15 | N60: 5.49e+15 | O60: 20.74 | P60: 0.754 | Q60: 0.246 | R60: 17.893208 | S60: 5.8462958 | X60: 1 | Y60: 0 | Z60: NA | AA60: NA | AB60: NA | AD60: 12.0005 | AE60: 54.1162 | AF60: 20.0875 | AG60: 66.3264 | AI60: 135 | AK60: 28.6392 | AL60: 8.85628 | AM60: 19.8
... A72: 71 | B72: AAFEX-II | C72: 3 | D72: BlendHRJ | E72: 10.2 | F72: 0.65 | G72: 276 | H72: 14.4 | I72: 27.8 | J72: 30 | K72: 0.34156214 | L72: 80500000000000 | M72: 3.91e+15 | N72: 3.99e+15 | O72: 6.506 | P72: 0.864 | Q72: 0.136 | R72: 6.042628 | S72: 0.95409916 | X72: 0 | Y72: 1 | Z72: NA | AA72: NA | AB72: NA | AD72: 10.2569 | AE72: 22.947 | AF72: 16.0715 | AG72: 59.5716 | AI72: 130 | AK72: 6.44601 | AL72: 0.615404 | AM72: 5.8
A73: 72 | B73: AAFEX-II | C73: 2 | D73: JP-8 | E73: 21.8 | F73: 1.3 | G73: 188 | H73: 13.5 | I73: 27.8 | J73: 30 | K73: 0.34156214 | L73: 161000000000000 | M73: 3.07e+15 | N73: 3.24e+15 | O73: 3.007 | P73: 0.89 | Q73: 0.11 | R73: NA | S73: NA | X73: 1 | Y73: 0 | Z73: NA | AA73: NA | AB73: NA | AD73: 10.9276 | AE73: 32.4725 | AF73: NA | AG73: NA | AI73: 60 | AK73: 8.46189 | AL73: NA | AM73: NA
A74: 73 | B74: AAFEX-II | C74: 3 | D74: BlendHRJ | E74: 10.2 | F74: 0.65 | G74: 276 | H74: 14.4 | I74: 28.3 | J74: 30 | K74: 0.34156214 | L74: 102000000000000 | M74: 2.42e+15 | N74: 2.52e+15 | O74: 3.672 | P74: NA | Q74: NA | R74: NA | S74: NA | X74: 0 | Y74: 1 | Z74: NA | AA74: NA | AB74: NA | AD74: NA | AE74: NA | AF74: NA | AG74: NA | AI74: 230 | AK74: NA | AL74: NA | AM74: NA
A75: 74 | B75: AAFEX-II | C75: 3 | D75: JP-8 | E75: 21.8 | F75: 1.3 | G75: 188 | H75: 13.5 | I75: 29.4 | J75: 30 | K75: 0.34156214 | L75: 257000000000000 | M75: 1.24e+15 | N75: 1.49e+15 | O75: 5.034 | P75: 0.892 | Q75: 0.108 | R75: NA | S75: NA | X75: 0 | Y75: 1 | Z75: NA | AA75: NA | AB75: NA | AD75: 11.4904 | AE75: 46.1013 | AF75: NA | AG75: NA | AI75: 120 | AK75: 11.6042 | AL75: NA | AM75: NA
A76: 75 | B76: ACCESS-I | C76: 2 | D76: BlendHEFA | E76: 8 | F76: 0.9 | G76: 500 | H76: 14.4 | I76: 19 | J76: 30 | K76: 0.34156214 | L76: NA | M76: NA | N76: 4.57e+16 | O76: 4.99 | P76: 0.786 | Q76: 0.214 | R76: 15.195506 | S76: 4.1277344 | X76: 1 | Y76: 0 | Z76: 52.5 | AA76: NA | AB76: 788 | AD76: 12.9146 | AE76: 17.3053 | AF76: 16.6613 | AG76: 75.3834 | AI76: 540 | AK76: 40.8023 | AL76: 24.6996 | AM76: 16.1
A77: 76 | B77: ACCESS-I | C77: 2 | D77: JP-8 | E77: 16 | F77: 1.4 | G77: 800 | H77: 13.9 | I77: 14.7 | J77: 30 | K77: 0.34156214 | L77: 3.18e+15 | M77: 4.81e+16 | N77: 5.12e+16 | O77: 15.41 | P77: 0.688 | Q77: 0.312 | R77: 16.076269 | S77: 7.2823311 | X77: 1 | Y77: 0 | Z77: 52.5 | AA77: NA | AB77: 777 | AD77: 13.9773 | AE77: 20.5662 | AF77: 18.5304 | AG77: 52.7045 | AI77: 600 | AK77: 64.6197 | AL77: 45.1542 | AM77: 19.5
A78: 77 | B78: ACCESS-I | C78: 3 | D78: BlendHEFA | E78: 8 | F78: 0.9 | G78: 500 | H78: 14.4 | I78: 15.1 | J78: 30 | K78: 0.34156214 | L78: 2.25e+15 | M78: 1.03e+16 | N78: 1.26e+16 | O78: 1.90185 | P78: 0.816 | Q78: 0.184 | R78: 8.1632172 | S78: 1.8438228 | X78: 0 | Y78: 1 | Z78: 53 | AA78: NA | AB78: 772 | AD78: 17.0484 | AE78: 23.3292 | AF78: 18.2233 | AG78: 59.0354 | AI78: 540 | AK78: 27.5641 | AL78: 19.2249 | AM78: 8.3
A79: 78 | B79: APEX | C79: 3 | D79: JP-8 | E79: 17.6 | F79: 0.93 | G79: 383 | H79: 13.69 | I79: 28 | J79: 65 | K79: 0.60214236 | L79: 136000000000000 | M79: 1.07e+16 | N79: 1.08e+16 | O79: 18.42 | P79: NA | Q79: NA | R79: NA | S79: NA | X79: 0 | Y79: 1 | Z79: 74.5 | AA79: 90 | AB79: 925 | AD79: 11.60228 | AE79: 38.217258 | AF79: 22.688227 | AG79: 60.270845 | AI79: 182 | AK79: 63.8 | AL79: 37.8 | AM79: 26
A80: 79 | B80: APEX | C80: 3 | D80: JP-8 | E80: 17.6 | F80: 0.93 | G80: 383 | H80: 13.69 | I80: 33 | J80: 65 | K80: 0.60214236 | L80: 131000000000000 | M80: 2.68e+15 | N80: 2.81e+15 | O80: 14.68 | P80: NA | Q80: NA | R80: NA | S80: NA | X80: 0 | Y80: 1 | Z80: 75 | AA80: 92 | AB80: 932 | AD80: 12.416606 | AE80: 49.302852 | AF80: 18.444112 | AG80: 66.048023 | AI80: 228 | AK80: 33.7 | AL80: 26.9 | AM80: 6.7
A81: 80 | B81: APEX | C81: 3 | D81: JP-8 | E81: 17.6 | F81: 0.93 | G81: 383 | H81: 13.69 | I81: 23 | J81: 65 | K81: 0.60214236 | L81: 221000000000000 | M81: 1.38e+16 | N81: 1.4e+16 | O81: 29.4 | P81: NA | Q81: NA | R81: NA | S81: NA | X81: 0 | Y81: 1 | Z81: 76.7 | AA81: 92 | AB81: 933 | AD81: 11.926951 | AE81: 40.28716 | AF81: 21.909711 | AG81: 67.747269 | AI81: 234 | AK81: 90.7 | AL81: 55.9 | AM81: 34.8
A82: 81 | B82: APEX | C82: 3 | D82: JP-8 | E82: 17.6 | F82: 0.93 | G82: 383 | H82: 13.69 | I82: 24 | J82: 65 | K82: 0.60214236 | L82: 177000000000000 | M82: 1.54e+16 | N82: 1.56e+16 | O82: 19.07 | P82: NA | Q82: NA | R82: NA | S82: NA | X82: 0 | Y82: 1 | Z82: 74.5 | AA82: 91 | AB82: 912 | AD82: 11.996118 | AE82: 32.071763 | AF82: 18.505795 | AG82: 63.991885 | AI82: 231 | AK82: 63.7 | AL82: 38.3 | AM82: 25.4
A83: 82 | B83: APEX | C83: 3 | D83: JP-8 | E83: 17.6 | F83: 0.93 | G83: 383 | H83: 13.69 | I83: 24 | J83: 65 | K83: 0.60214236 | L83: 133000000000000 | M83: 1.7e+16 | N83: 1.71e+16 | O83: 10.94 | P83: NA | Q83: NA | R83: NA | S83: NA | X83: 0 | Y83: 1 | Z83: 72 | AA83: 90 | AB83: 892 | AD83: 11.862708 | AE83: 26.024183 | AF83: 18.2993 | AG83: 60.332738 | AI83: 248 | AK83: 51.4 | AL83: 26.5 | AM83: 24.8
A84: 83 | B84: APEX | C84: 3 | D84: Sulfur | E84: 17.3 | F84: 1.31 | G84: 1595 | H84: 13.67 | I84: 32 | J84: 65 | K84: 0.60214236 | L84: 196000000000000 | M84: 1.24e+16 | N84: 1.26e+16 | O84: 17.15 | P84: NA | Q84: NA | R84: NA | S84: NA | X84: 0 | Y84: 1 | Z84: 74.5 | AA84: 92 | AB84: 948 | AD84: 13.411613 | AE84: 35.016124 | AF84: 15.872361 | AG84: 59.935315 | AI84: 255 | AK84: 64.6 | AL84: 29.7 | AM84: 35
A85: 84 | B85: APEX | C85: 3 | D85: Sulfur | E85: 17.3 | F85: 1.31 | G85: 1595 | H85: 13.67 | I85: 26 | J85: 65 | K85: 0.60214236 | L85: 198000000000000 | M85: 3.02e+16 | N85: 3.04e+16 | O85: 23.71 | P85: 0.576 | Q85: 0.424 | R85: 64.28217 | S85: 47.304523 | X85: 0 | Y85: 1 | Z85: 76.8 | AA85: 92 | AB85: 944 | AD85: 15.014603 | AE85: 30.308763 | AF85: 19.657658 | AG85: 63.700383 | AI85: 225 | AK85: 135.7 | AL85: 42.7 | AM85: 93
A86: 85 | B86: APEX | C86: 3 | D86: Sulfur | E86: 17.3 | F86: 1.31 | G86: 1595 | H86: 13.67 | I86: 26 | J86: 65 | K86: 0.60214236 | L86: 159000000000000 | M86: 3.34e+16 | N86: 3.35e+16 | O86: 15.98 | P86: NA | Q86: NA | R86: NA | S86: NA | X86: 0 | Y86: 1 | Z86: 74.5 | AA86: 91 | AB86: 927 | AD86: 15.315398 | AE86: 24.240383 | AF86: 16.362658 | AG86: 62.128738 | AI86: 216 | AK86: 121 | AL86: 28.1 | AM86: 93
A87: 86 | B87: APEX | C87: 3 | D87: Sulfur | E87: 17.3 | F87: 1.31 | G87: 1595 | H87: 13.67 | I87: 26 | J87: 65 | K87: 0.60214236 | L87: 112000000000000 | M87: 3.67e+16 | N87: 3.68e+16 | O87: 8.39 | P87: 0.614 | Q87: 0.386 | R87: 73.117076 | S87: 46.030622 | X87: 0 | Y87: 1 | Z87: 71.9 | AA87: 90 | AB87: 896 | AD87: 15.372032 | AE87: 21.987175 | AF87: 16.807748 | AG87: 61.194748 | AI87: 212 | AK87: 116.3 | AL87: 17 | AM87: 99.3
A88: 87 | B88: APEX | C88: 3 | D88: Aromatic | E88: 21.8 | F88: 1.34 | G88: 530 | H88: 13.7 | I88: 29 | J88: 65 | K88: 0.60214236 | L88: 146000000000000 | M88: 1.11e+16 | N88: 1.12e+16 | O88: 16.76 | P88: NA | Q88: NA | R88: NA | S88: NA | X88: 0 | Y88: 1 | Z88: 74.6 | AA88: 92 | AB88: 936 | AD88: 11.321807 | AE88: 36.792253 | AF88: 21.86366 | AG88: 61.92956 | AI88: 224 | AK88: 52.4 | AL88: 32.4 | AM88: 20
A89: 88 | B89: APEX | C89: 3 | D89: Aromatic | E89: 21.8 | F89: 1.34 | G89: 530 | H89: 13.7 | I89: 21 | J89: 65 | K89: 0.60214236 | L89: 252000000000000 | M89: 1.73e+16 | N89: 1.75e+16 | O89: 33.41 | P89: NA | Q89: NA | R89: NA | S89: NA | X89: 0 | Y89: 1 | Z89: 76.9 | AA89: 90 | AB89: 939 | AD89: 12.481523 | AE89: 39.453857 | AF89: 22.732801 | AG89: 68.699899 | AI89: 245 | AK89: 102.3 | AL89: 63.4 | AM89: 38.9
A90: 89 | B90: APEX | C90: 3 | D90: Aromatic | E90: 21.8 | F90: 1.34 | G90: 530 | H90: 13.7 | I90: 22 | J90: 65 | K90: 0.60214236 | L90: 201000000000000 | M90: 1.94e+16 | N90: 1.96e+16 | O90: 22.96 | P90: 0.734 | Q90: 0.266 | R90: 33.853659 | S90: 12.282169 | X90: 0 | Y90: 1 | Z90: 74.5 | AA90: 90 | AB90: 922 | AD90: 12.694677 | AE90: 31.032703 | AF90: 20.95966 | AG90: 64.183623 | AI90: 219 | AK90: 75.6 | AL90: 37.2 | AM90: 38.4
A91: 90 | B91: APEX | C91: 3 | D91: Aromatic | E91: 21.8 | F91: 1.34 | G91: 530 | H91: 13.7 | I91: 22 | J91: 65 | K91: 0.60214236 | L91: 150000000000000 | M91: 2.19e+16 | N91: 2.21e+16 | O91: 11.73 | P91: 0.653 | Q91: 0.347 | R91: 26.987876 | S91: 14.367337 | X91: 0 | Y91: 1 | Z91: 72 | AA91: 90 | AB91: 899 | AD91: 12.823948 | AE91: 23.78931 | AF91: 20.224582 | AG91: 59.437792 | AI91: 295 | AK91: 57 | AL91: 22.5 | AM91: 34.5
A92: 91 | B92: AAFEX-I | C92: 3 | D92: JP-8 | E92: 18.6 | F92: 1.6 | G92: 1148 | H92: 13.6 | I92: 5.7 | J92: 65 | K92: 0.60214236 | L92: 350000000000000 | M92: 2.53e+16 | N92: 2.6e+16 | O92: 17.12 | P92: NA | Q92: NA | R92: NA | S92: NA | X92: 0 | Y92: 1 | Z92: 75.022 | AA92: 89 | AB92: 888 | AD92: 13.1186 | AE92: 24.7501 | AF92: 15.2375 | AG92: 67.4248 | AI92: 170 | AK92: 75.7 | AL92: 15.6 | AM92: 60.1
A93: 92 | B93: AAFEX-I | C93: 2 | D93: JP-8 | E93: 18.6 | F93: 1.6 | G93: 1148 | H93: 13.6 | I93: 5.8 | J93: 65 | K93: 0.60214236 | L93: 520000000000000 | M93: 1.9e+16 | N93: 2e+16 | O93: 40.21 | P93: NA | Q93: NA | R93: NA | S93: NA | X93: 1 | Y93: 0 | Z93: NA | AA93: NA | AB93: NA | AD93: 14.2645 | AE93: 36.1685 | AF93: 17.6936 | AG93: 73.5533 | AI93: 180 | AK93: 100.5 | AL93: 29.9 | AM93: 70.6
A94: 93 | B94: AAFEX-I | C94: 3 | D94: JP-8 | E94: 18.6 | F94: 1.6 | G94: 1148 | H94: 13.6 | I94: 4.4 | J94: 65 | K94: 0.60214236 | L94: 510000000000000 | M94: 2.89e+16 | N94: 2.9e+16 | O94: 30.5 | P94: NA | Q94: NA | R94: NA | S94: NA | X94: 0 | Y94: 1 | Z94: 91.846441 | AA94: 90 | AB94: 884 | AD94: 16.1472 | AE94: 33.5573 | AF94: 20.0647 | AG94: 117.667 | AI94: 60 | AK94: 105.7 | AL94: 43.9 | AM94: 61.8
A95: 94 | B95: AAFEX-I | C95: 3 | D95: JP-8 | E95: 18.6 | F95: 1.6 | G95: 1148 | H95: 13.6 | I95: 4.2 | J95: 65 | K95: 0.60214236 | L95: 540000000000000 | M95: 4.34e+15 | N95: 4.9e+15 | O95: 31.94 | P95: NA | Q95: NA | R95: NA | S95: NA | X95: 0 | Y95: 1 | Z95: 91.846441 | AA95: 90 | AB95: 884 | AD95: 16.3894 | AE95: 50.0139 | AF95: 19.7072 | AG95: 101.65 | AI95: 120 | AK95: 112.5 | AL95: 44.3 | AM95: 68.2
A96: 95 | B96: AAFEX-I | C96: 2 | D96: JP-8 | E96: 18.6 | F96: 1.6 | G96: 1148 | H96: 13.6 | I96: 4 | J96: 65 | K96: 0.60214236 | L96: 790000000000000 | M96: 2.34e+16 | N96: 2.4e+16 | O96: 70.47 | P96: NA | Q96: NA | R96: NA | S96: NA | X96: 1 | Y96: 0 | Z96: NA | AA96: NA | AB96: NA | AD96: 16.6136 | AE96: 48.3435 | AF96: 23.3624 | AG96: 101.316 | AI96: 65 | AK96: 144 | AL96: 75.2 | AM96: 68.9
A97: 96 | B97: AAFEX-I | C97: 2 | D97: JP-8 | E97: 18.6 | F97: 1.6 | G97: 1148 | H97: 13.6 | I97: 9.4 | J97: 65 | K97: 0.60214236 | L97: 760000000000000 | M97: 3.15e+15 | N97: 3.9e+15 | O97: 80.62 | P97: 0.848 | Q97: 0.152 | R97: 95.673326 | S97: 17.161234 | X97: 1 | Y97: 0 | Z97: NA | AA97: NA | AB97: NA | AD97: 14.9515 | AE97: 48.1579 | AF97: 23.5484 | AG97: 80.0756 | AI97: 160 | AK97: 158.7 | AL97: 64.6 | AM97: 94
A98: 97 | B98: AAFEX-I | C98: 3 | D98: JP-8 | E98: 18.6 | F98: 1.6 | G98: 1148 | H98: 13.6 | I98: 9.5 | J98: 65 | K98: 0.60214236 | L98: 540000000000000 | M98: 2.37e+16 | N98: 2.4e+16 | O98: 41.25 | P98: 0.921 | Q98: 0.079 | R98: 79.114913 | S98: 6.7995665 | X98: 0 | Y98: 1 | Z98: 74.776517 | AA98: 91 | AB98: 899 | AD98: 13.2209 | AE98: 34.2221 | AF98: 17.4763 | AG98: 72.7246 | AI98: 150 | AK98: 104.3 | AL98: 32.7 | AM98: 71.6
A99: 98 | B99: AAFEX-I | C99: 3 | D99: JP-8 | E99: 18.6 | F99: 1.6 | G99: 1148 | H99: 13.6 | I99: 9.8 | J99: 65 | K99: 0.60214236 | L99: 470000000000000 | M99: 2.53e+16 | N99: 2.6e+16 | O99: 31.75 | P99: 0.831 | Q99: 0.169 | R99: 72.58551 | S99: 14.77089 | X99: 0 | Y99: 1 | Z99: 74.674104 | AA99: 91 | AB99: 893 | AD99: 13.2707 | AE99: 29.3854 | AF99: 19.4408 | AG99: 71.5319 | AI99: 150 | AK99: 100.2 | AL99: 27.4 | AM99: 72.8
A100: 99 | B100: AAFEX-I | C100: 2 | D100: JP-8 | E100: 18.6 | F100: 1.6 | G100: 1148 | H100: 13.6 | I100: -2.5 | J100: 65 | K100: 0.60214236 | L100: 860000000000000 | M100: 2.38e+16 | N100: 2.5e+16 | O100: 76.21 | P100: 0.921 | Q100: 0.079 | R100: 115.56757 | S100: 9.8781528 | X100: 1 | Y100: 0 | Z100: NA | AA100: NA | AB100: NA | AD100: 15.2377 | AE100: 41.1721 | AF100: 21.557 | AG100: 76.0312 | AI100: 128 | AK100: 174.1 | AL100: 69.6 | AM100: 104.5
A101: 100 | B101: AAFEX-I | C101: 3 | D101: JP-8 | E101: 18.6 | F101: 1.6 | G101: 1148 | H101: 13.6 | I101: -2.8 | J101: 65 | K101: 0.60214236 | L101: 630000000000000 | M101: 3.16e+16 | N101: 3.2e+16 | O101: 39.72 | P101: 0.921 | Q101: 0.079 | R101: 93.230264 | S101: 7.9658558 | X101: 0 | Y101: 1 | Z101: 75.801002 | AA101: 89 | AB101: 873 | AD101: 13.9129 | AE101: 32.1397 | AF101: 20.5146 | AG101: 72.3326 | AI101: 132 | AK101: 127.8 | AL101: 43.4 | AM101: 84.3
A102: 101 | B102: AAFEX-I | C102: 3 | D102: JP-8 | E102: 18.6 | F102: 1.6 | G102: 1148 | H102: 13.6 | I102: 1.9 | J102: 65 | K102: 0.60214236 | L102: 7.4e+15 | M102: 2.21e+16 | N102: 2.9e+16 | O102: 37.61 | P102: 0.962 | Q102: 0.038 | R102: 18.961051 | S102: 0.75566861 | X102: 0 | Y102: 1 | Z102: 75.334988 | AA102: 89 | AB102: 866 | AD102: 13.5257 | AE102: 31.2828 | AF102: 13.7622 | AG102: 36.6948 | AI102: 214 | AK102: 115.6 | AL102: 99.2 | AM102: 16.4
A103: 102 | B103: AAFEX-I | C103: 2 | D103: JP-8 | E103: 18.6 | F103: 1.6 | G103: 1148 | H103: 13.6 | I103: 13.9 | J103: 65 | K103: 0.60214236 | L103: 660000000000000 | M103: 1.86e+16 | N103: 1.9e+16 | O103: 68.7 | P103: 0.87 | Q103: 0.13 | R103: 74.091967 | S103: 11.042273 | X103: 1 | Y103: 0 | Z103: NA | AA103: NA | AB103: NA | AD103: 14.5214 | AE103: 44.5686 | AF103: 24.5218 | AG103: 72.4411 | AI103: 210 | AK103: 133 | AL103: 62 | AM103: 70.9
A104: 103 | B104: AAFEX-I | C104: 3 | D104: FT1 | E104: 0 | F104: 0 | G104: 19 | H104: 15.5 | I104: 14 | J104: 65 | K104: 0.60214236 | L104: 59000000000000 | M104: 142000000000000 | N104: 200000000000000 | O104: 3.65 | P104: 0.965 | Q104: 0.035 | R104: NA | S104: NA | X104: 0 | Y104: 1 | Z104: 73.996391 | AA104: 91 | AB104: 900 | AD104: 18.811 | AE104: 53.7455 | AF104: 22.8825 | AG104: 71.8749 | AI104: 195 | AK104: 2.1 | AL104: 12.5 | AM104: NA
A105: 104 | B105: AAFEX-I | C105: 3 | D105: FT1 | E105: 0 | F105: 0 | G105: 19 | H105: 15.5 | I105: 15 | J105: 65 | K105: 0.60214236 | L105: 47000000000000 | M105: 101000000000000 | N105: 150000000000000 | O105: 4.22 | P105: 0.441 | Q105: 0.559 | R105: 0.49592532 | S105: 0.62812788 | X105: 0 | Y105: 1 | Z105: 74.01866 | AA105: 91 | AB105: 887 | AD105: 19.7726 | AE105: 60.1485 | AF105: 20.1354 | AG105: 50.5434 | AI105: 180 | AK105: 1.7 | AL105: 0.8 | AM105: 0.9
A106: 105 | B106: AAFEX-I | C106: 2 | D106: JP-8 | E106: 18.6 | F106: 1.6 | G106: 1148 | H106: 13.6 | I106: 0.9 | J106: 65 | K106: 0.60214236 | L106: 810000000000000 | M106: 2.37e+16 | N106: 2.4e+16 | O106: 73.07 | P106: 0.839 | Q106: 0.161 | R106: 99.090986 | S106: 19.070255 | X106: 1 | Y106: 0 | Z106: NA | AA106: NA | AB106: NA | AD106: 14.9671 | AE106: 39.779 | AF106: 22.0248 | AG106: 69.1187 | AI106: 140 | AK106: 157.8 | AL106: 59.3 | AM106: 98.5
A107: 106 | B107: AAFEX-I | C107: 3 | D107: FT1 | E107: 0 | F107: 0 | G107: 19 | H107: 15.5 | I107: 0.9 | J107: 65 | K107: 0.60214236 | L107: 75000000000000 | M107: 658000000000000 | N107: 730000000000000 | O107: 3.71 | P107: 0.778 | Q107: 0.222 | R107: 7.6031967 | S107: 2.1738273 | X107: 0 | Y107: 1 | Z107: 76.085958 | AA107: 89 | AB107: 883 | AD107: 15.307 | AE107: 42.1259 | AF107: 19.025 | AG107: 60.0877 | AI107: 140 | AK107: 11.5 | AL107: 3.3 | AM107: 8.1
A108: 107 | B108: AAFEX-I | C108: 3 | D108: FT1 | E108: 0 | F108: 0 | G108: 19 | H108: 15.5 | I108: 3 | J108: 65 | K108: 0.60214236 | L108: 60000000000000 | M108: 520000000000000 | N108: 580000000000000 | O108: 3.09 | P108: 0.655 | Q108: 0.345 | R108: 1.1916144 | S108: 0.6281136 | X108: 0 | Y108: 1 | Z108: 75.170757 | AA108: 90 | AB108: 867 | AD108: 19.1067 | AE108: 64.1592 | AF108: 19.7788 | AG108: 55.7948 | AI108: 170 | AK108: 2.8 | AL108: 1.2 | AM108: 1.5
A109: 108 | B109: AAFEX-I | C109: 2 | D109: JP-8 | E109: 18.6 | F109: 1.6 | G109: 1148 | H109: 13.6 | I109: 3 | J109: 65 | K109: 0.60214236 | L109: 790000000000000 | M109: 7.36e+15 | N109: 8.2e+15 | O109: 71.87 | P109: NA | Q109: NA | R109: NA | S109: NA | X109: 1 | Y109: 0 | Z109: NA | AA109: NA | AB109: NA | AD109: 15.4652 | AE109: 41.3253 | AF109: 19.0851 | AG109: 68.4957 | AI109: 180 | AK109: 146.4 | AL109: 50.3 | AM109: 96
A110: 109 | B110: AAFEX-I | C110: 3 | D110: BlendFT1 | E110: 8 | F110: 0.8 | G110: 699 | H110: 14.5 | I110: 2.9 | J110: 65 | K110: 0.60214236 | L110: 300000000000000 | M110: 1.41e+16 | N110: 1.4e+16 | O110: 13.45 | P110: NA | Q110: NA | R110: NA | S110: NA | X110: 0 | Y110: 1 | Z110: 75.268803 | AA110: 90 | AB110: 890 | AD110: 12.6136 | AE110: 28.9761 | AF110: 16.9833 | AG110: 64.3724 | AI110: 160 | AK110: 59 | AL110: 15.9 | AM110: 43
A111: 110 | B111: AAFEX-I | C111: 3 | D111: BlendFT1 | E111: 8 | F111: 0.8 | G111: 699 | H111: 14.5 | I111: 8.6 | J111: 65 | K111: 0.60214236 | L111: 260000000000000 | M111: 1.46e+16 | N111: 1.5e+16 | O111: 10.95 | P111: NA | Q111: NA | R111: NA | S111: NA | X111: 0 | Y111: 1 | Z111: 74.85149 | AA111: 90 | AB111: 875 | AD111: 12.0331 | AE111: 22.8385 | AF111: 16.4262 | AG111: 59.9057 | AI111: 280 | AK111: 36.8 | AL111: 9.4 | AM111: 27.4
...

Sheet Sheet2
A1: Source | B1: Campaign | C1: Ground level or cruise | D1: Engine | E1: Probe distance (m) | F1: Fuel | G1: Aromatics | H1: Naph | I1: Sulfur | J1: Hydrogen | K1: Temp (K) | L1: Thrust | M1: FF | N1: nvPM EIn avg | O1: vPM EIn avg | P1: Total PM EIn avg | Q1: mBC | R1: Org_Fract | S1: SO4_Fract | T1: mOrg | U1: mSO4 | V1: nvPM number geometric diam | W1: Total aerosol number geometric diam | X1: nvPM EIn std dev | Y1: vPM EIn std dev | Z1: Total PM EIn std dev | AA1: ΔAromatics | AB1: ΔNaph | AC1: ΔSulfur | AD1: ΔHydrogen | AE1: ΔThrust | AF1: ΔFF | AG1: ΔnvPM Ein avg | AH1: ΔvPM Ein avg | AI1: ΔTotal PM EIn avg | AJ1: ΔmBC | AK1: ΔOrg Frac | AL1: ΔSO4 Frac | AM1: ΔmOrg | AN1: ΔmSO4 | AO1: ΔnvPM number geometric diam | AP1: Δtotal aerosol number geometric diam
A2: Moore (2015) | B2: APEX | C2: Ground | D2: CFM56-2C1 | E2: 30 | F2: JP-8 | G2: 17.6 | H2: 0.93 | I2: 383 | J2: 13.69 | K2: =AVERAGEIFS('Individual data from NASA'!J:J, 'Individual data from NASA'!$C:$C, $F2, 'Individual data from NASA'!$B:$B, $B2, 'Individual data from NASA'!$K:$K, $L2) + 273.15 -> 303.275 | L2: 4 | M2: =0.127*60*60 -> 457.2 | N2: =AVERAGEIFS('Individual data from NASA'!M:M, 'Individual data from NASA'!$C:$C, $F2, 'Individual data from NASA'!$B:$B, $B2, 'Individual data from NASA'!$K:$K, $L2) -> 2.31875e+15 | O2: =AVERAGEIFS('Individual data from NASA'!N:N, 'Individual data from NASA'!$C:$C, $F2, 'Individual data from NASA'!$B:$B, $B2, 'Individual data from NASA'!$K:$K, $L2) -> 3.2275e+16 | P2: =AVERAGEIFS('Individual data from NASA'!O:O, 'Individual data from NASA'!$C:$C, $F2, 'Individual data from NASA'!$B:$B, $B2, 'Individual data from NASA'!$K:$K, $L2) -> 3.46125e+16 | Q2: =AVERAGEIFS('Individual data from NASA'!P:P, 'Individual data from NASA'!$C:$C, $F2, 'Individual data from NASA'!$B:$B, $B2, 'Individual data from NASA'!$K:$K, $L2) -> 20.765 | R2: =AVERAGEIFS('Individual data from NASA'!Q:Q, 'Individual data from NASA'!$C:$C, $F2, 'Individual data from NASA'!$B:$B, $B2, 'Individual data from NASA'!$K:$K, $L2) -> 0.8718 | S2: =AVERAGEIFS('Individual data from NASA'!R:R, 'Individual data from NASA'!$C:$C, $F2, 'Individual data from NASA'!$B:$B, $B2, 'Individual data from NASA'!$K:$K, $L2) -> 0.1282 | T2: =AVERAGEIFS('Individual data from NASA'!S:S, 'Individual data from NASA'!$C:$C, $F2, 'Individual data from NASA'!$B:$B, $B2, 'Individual data from NASA'!$K:$K, $L2) -> 102.5735 | U2: =AVERAGEIFS('Individual data from NASA'!T:T, 'Individual data from NASA'!$C:$C, $F2, 'Individual data from NASA'!$B:$B, $B2, 'Individual data from NASA'!$K:$K, $L2) -> 17.325871 | V2: =AVERAGEIFS('Individual data from NASA'!W:W, 'Individual data from NASA'!$C:$C, $F2, 'Individual data from NASA'!$B:$B, $B2, 'Individual data from NASA'!$K:$K, $L2) -> 12.4125 | W2: =AVERAGEIFS('Individual data from NASA'!U:U, 'Individual data from NASA'!$C:$C, $F2, 'Individual data from NASA'!$B:$B, $B2, 'Individual data from NASA'!$K:$K, $L2) -> 16.9 | X2: {=_xlfn.STDEV.S( _xlfn._xlws.FILTER( 'Individual data from NASA'!M:M, ('Individual data from NASA'!$C:$C=$F2) * ('Individual data from NASA'!$B:$B=$B2) * ('Individual data from NASA'!$K:$K=$L2) ) )} -> 5.5442216e+14 | Y2: {=_xlfn.STDEV.S( _xlfn._xlws.FILTER( 'Individual data from NASA'!N:N, ('Individual data from NASA'!$C:$C=$F2) * ('Individual data from NASA'!$B:$B=$B2) * ('Individual data from NASA'!$K:$K=$L2) ) )} -> 1.0146745e+16 | Z2: {=_xlfn.STDEV.S( _xlfn._xlws.FILTER( 'Individual data from NASA'!O:O, ('Individual data from NASA'!$C:$C=$F2) * ('Individual data from NASA'!$B:$B=$B2) * ('Individual data from NASA'!$K:$K=$L2) ) )} -> 1.0657853e+16
A3: Moore (2015) | B3: APEX | C3: Ground | D3: CFM56-2C1 | E3: 30 | F3: JP-8 | G3: 17.6 | H3: 0.93 | I3: 383 | J3: 13.69 | K3: =AVERAGEIFS('Individual data from NASA'!J:J, 'Individual data from NASA'!$C:$C, $F3, 'Individual data from NASA'!$B:$B, $B3, 'Individual data from NASA'!$K:$K, $L3) + 273.15 -> 299.9 | L3: 7 | M3: =0.15586*60*60 -> 561.096 | N3: =AVERAGEIFS('Individual data from NASA'!M:M, 'Individual data from NASA'!$C:$C, $F3, 'Individual data from NASA'!$B:$B, $B3, 'Individual data from NASA'!$K:$K, $L3) -> 1.394e+15 | O3: =AVERAGEIFS('Individual data from NASA'!N:N, 'Individual data from NASA'!$C:$C, $F3, 'Individual data from NASA'!$B:$B, $B3, 'Individual data from NASA'!$K:$K, $L3) -> 2.8216667e+16 | P3: =AVERAGEIFS('Individual data from NASA'!O:O, 'Individual data from NASA'!$C:$C, $F3, 'Individual data from NASA'!$B:$B, $B3, 'Individual data from NASA'!$K:$K, $L3) -> 2.7433846e+16 | Q3: =AVERAGEIFS('Individual data from NASA'!P:P, 'Individual data from NASA'!$C:$C, $F3, 'Individual data from NASA'!$B:$B, $B3, 'Individual data from NASA'!$K:$K, $L3) -> 6.7958333 | R3: =AVERAGEIFS('Individual data from NASA'!Q:Q, 'Individual data from NASA'!$C:$C, $F3, 'Individual data from NASA'!$B:$B, $B3, 'Individual data from NASA'!$K:$K, $L3) -> 0.71375 | S3: =AVERAGEIFS('Individual data from NASA'!R:R, 'Individual data from NASA'!$C:$C, $F3, 'Individual data from NASA'!$B:$B, $B3, 'Individual data from NASA'!$K:$K, $L3) -> 0.28625 | T3: =AVERAGEIFS('Individual data from NASA'!S:S, 'Individual data from NASA'!$C:$C, $F3, 'Individual data from NASA'!$B:$B, $B3, 'Individual data from NASA'!$K:$K, $L3) -> 74.880347 | U3: =AVERAGEIFS('Individual data from NASA'!T:T, 'Individual data from NASA'!$C:$C, $F3, 'Individual data from NASA'!$B:$B, $B3, 'Individual data from NASA'!$K:$K, $L3) -> 24.281196 | V3: =AVERAGEIFS('Individual data from NASA'!W:W, 'Individual data from NASA'!$C:$C, $F3, 'Individual data from NASA'!$B:$B, $B3, 'Individual data from NASA'!$K:$K, $L3) -> 12.653461 | W3: =AVERAGEIFS('Individual data from NASA'!U:U, 'Individual data from NASA'!$C:$C, $F3, 'Individual data from NASA'!$B:$B, $B3, 'Individual data from NASA'!$K:$K, $L3) -> 16.260167 | X3: {=_xlfn.STDEV.S( _xlfn._xlws.FILTER( 'Individual data from NASA'!M:M, ('Individual data from NASA'!$C:$C=$F3) * ('Individual data from NASA'!$B:$B=$B3) * ('Individual data from NASA'!$K:$K=$L3) ) )} -> 540798903979524 | Y3: {=_xlfn.STDEV.S( _xlfn._xlws.FILTER( 'Individual data from NASA'!N:N, ('Individual data from NASA'!$C:$C=$F3) * ('Individual data from NASA'!$B:$B=$B3) * ('Individual data from NASA'!$K:$K=$L3) ) )} -> 1.2377607e+16 | Z3: {=_xlfn.STDEV.S( _xlfn._xlws.FILTER( 'Individual data from NASA'!O:O, ('Individual data from NASA'!$C:$C=$F3) * ('Individual data from NASA'!$B:$B=$B3) * ('Individual data from NASA'!$K:$K=$L3) ) )} -> 1.4304366e+16 | AA3: =(G3-G$2)/G$2 -> 0 | AB3: =(H3-H$2)/H$2 -> 0 | AC3: =(I3-I$2)/I$2 -> 0 | AD3: =(J3-J$2)/J$2 -> 0 | AE3: =(L3-L$2)/L$2 -> 0.75 | AF3: =(M3-M$2)/M$2 -> 0.22724409 | AG3: =(N3-N$2)/N$2 -> -0.39881402 | AH3: =(O3-O$2)/O$2 -> -0.12574232 | AI3: =(P3-P$2)/P$2 -> -0.20740062 | AJ3: =(Q3-Q$2)/Q$2 -> -0.67272654 | AK3: =(R3-R$2)/R$2 -> -0.18129158 | AL3: =(S3-S$2)/S$2 -> 1.2328393 | ... AP3: =(W3-W$2)/W$2 -> -0.037859917
A4: Moore (2015) | B4: APEX | C4: Ground | D4: CFM56-2C1 | E4: 30 | F4: JP-8 | G4: 17.6 | H4: 0.93 | I4: 383 | J4: 13.69 | K4: =AVERAGEIFS('Individual data from NASA'!J:J, 'Individual data from NASA'!$C:$C, $F4, 'Individual data from NASA'!$B:$B, $B4, 'Individual data from NASA'!$K:$K, $L4) + 273.15 -> 299.72143 | L4: 30 | M4: =0.342*60*60 -> 1231.2 | N4: =AVERAGEIFS('Individual data from NASA'!M:M, 'Individual data from NASA'!$C:$C, $F4, 'Individual data from NASA'!$B:$B, $B4, 'Individual data from NASA'!$K:$K, $L4) -> 2.0285714e+14 | O4: =AVERAGEIFS('Individual data from NASA'!N:N, 'Individual data from NASA'!$C:$C, $F4, 'Individual data from NASA'!$B:$B, $B4, 'Individual data from NASA'!$K:$K, $L4) -> 1.3887143e+16 | P4: =AVERAGEIFS('Individual data from NASA'!O:O, 'Individual data from NASA'!$C:$C, $F4, 'Individual data from NASA'!$B:$B, $B4, 'Individual data from NASA'!$K:$K, $L4) -> 1.4074286e+16 | Q4: =AVERAGEIFS('Individual data from NASA'!P:P, 'Individual data from NASA'!$C:$C, $F4, 'Individual data from NASA'!$B:$B, $B4, 'Individual data from NASA'!$K:$K, $L4) -> 4.7061429 | R4: =AVERAGEIFS('Individual data from NASA'!Q:Q, 'Individual data from NASA'!$C:$C, $F4, 'Individual data from NASA'!$B:$B, $B4, 'Individual data from NASA'!$K:$K, $L4) -> 0.624 | S4: =AVERAGEIFS('Individual data from NASA'!R:R, 'Individual data from NASA'!$C:$C, $F4, 'Individual data from NASA'!$B:$B, $B4, 'Individual data from NASA'!$K:$K, $L4) -> 0.376 | T4: =AVERAGEIFS('Individual data from NASA'!S:S, 'Individual data from NASA'!$C:$C, $F4, 'Individual data from NASA'!$B:$B, $B4, 'Individual data from NASA'!$K:$K, $L4) -> 16.758158 | U4: =AVERAGEIFS('Individual data from NASA'!T:T, 'Individual data from NASA'!$C:$C, $F4, 'Individual data from NASA'!$B:$B, $B4, 'Individual data from NASA'!$K:$K, $L4) -> 9.9186072 | V4: =AVERAGEIFS('Individual data from NASA'!W:W, 'Individual data from NASA'!$C:$C, $F4, 'Individual data from NASA'!$B:$B, $B4, 'Individual data from NASA'!$K:$K, $L4) -> 14.325473 | W4: =AVERAGEIFS('Individual data from NASA'!U:U, 'Individual data from NASA'!$C:$C, $F4, 'Individual data from NASA'!$B:$B, $B4, 'Individual data from NASA'!$K:$K, $L4) -> 14.460571 | X4: {=_xlfn.STDEV.S( _xlfn._xlws.FILTER( 'Individual data from NASA'!M:M, ('Individual data from NASA'!$C:$C=$F4) * ('Individual data from NASA'!$B:$B=$B4) * ('Individual data from NASA'!$K:$K=$L4) ) )} -> 6.264564e+13 | Y4: {=_xlfn.STDEV.S( _xlfn._xlws.FILTER( 'Individual data from NASA'!N:N, ('Individual data from NASA'!$C:$C=$F4) * ('Individual data from NASA'!$B:$B=$B4) * ('Individual data from NASA'!$K:$K=$L4) ) )} -> 5.6446574e+15 | Z4: {=_xlfn.STDEV.S( _xlfn._xlws.FILTER( 'Individual data from NASA'!O:O, ('Individual data from NASA'!$C:$C=$F4) * ('Individual data from NASA'!$B:$B=$B4) * ('Individual data from NASA'!$K:$K=$L4) ) )} -> 5.6158076e+15 | AA4: =(G4-G$2)/G$2 -> 0 | AB4: =(H4-H$2)/H$2 -> 0 | AC4: =(I4-I$2)/I$2 -> 0 | AD4: =(J4-J$2)/J$2 -> 0 | AE4: =(L4-L$2)/L$2 -> 6.5 | AF4: =(M4-M$2)/M$2 -> 1.6929134 | AG4: =(N4-N$2)/N$2 -> -0.91251444 | AH4: =(O4-O$2)/O$2 -> -0.56972447 | AI4: =(P4-P$2)/P$2 -> -0.59337564 | AJ4: =(Q4-Q$2)/Q$2 -> -0.77336177 | AK4: =(R4-R$2)/R$2 -> -0.2842395 | AL4: =(S4-S$2)/S$2 -> 1.9329173 | ... AP4: =(W4-W$2)/W$2 -> -0.14434491
A5: Moore (2015) | B5: APEX | C5: Ground | D5: CFM56-2C1 | E5: 30 | F5: JP-8 | G5: 17.6 | H5: 0.93 | I5: 383 | J5: 13.69 | K5: =AVERAGEIFS('Individual data from NASA'!J:J, 'Individual data from NASA'!$C:$C, $F5, 'Individual data from NASA'!$B:$B, $B5, 'Individual data from NASA'!$K:$K, $L5) + 273.15 -> 299.55 | L5: 65 | M5: =0.602*60*60 -> 2167.2 | N5: =AVERAGEIFS('Individual data from NASA'!M:M, 'Individual data from NASA'!$C:$C, $F5, 'Individual data from NASA'!$B:$B, $B5, 'Individual data from NASA'!$K:$K, $L5) -> 159600000000000 | O5: =AVERAGEIFS('Individual data from NASA'!N:N, 'Individual data from NASA'!$C:$C, $F5, 'Individual data from NASA'!$B:$B, $B5, 'Individual data from NASA'!$K:$K, $L5) -> 1.1916e+16 | P5: =AVERAGEIFS('Individual data from NASA'!O:O, 'Individual data from NASA'!$C:$C, $F5, 'Individual data from NASA'!$B:$B, $B5, 'Individual data from NASA'!$K:$K, $L5) -> 1.2062e+16 | Q5: =AVERAGEIFS('Individual data from NASA'!P:P, 'Individual data from NASA'!$C:$C, $F5, 'Individual data from NASA'!$B:$B, $B5, 'Individual data from NASA'!$K:$K, $L5) -> 18.502 | R5: =AVERAGEIFS('Individual data from NASA'!Q:Q, 'Individual data from NASA'!$C:$C, $F5, 'Individual data from NASA'!$B:$B, $B5, 'Individual data from NASA'!$K:$K, $L5) -> #DIV/0! | S5: =AVERAGEIFS('Individual data from NASA'!R:R, 'Individual data from NASA'!$C:$C, $F5, 'Individual data from NASA'!$B:$B, $B5, 'Individual data from NASA'!$K:$K, $L5) -> #DIV/0! | T5: =AVERAGEIFS('Individual data from NASA'!S:S, 'Individual data from NASA'!$C:$C, $F5, 'Individual data from NASA'!$B:$B, $B5, 'Individual data from NASA'!$K:$K, $L5) -> #DIV/0! | U5: =AVERAGEIFS('Individual data from NASA'!T:T, 'Individual data from NASA'!$C:$C, $F5, 'Individual data from NASA'!$B:$B, $B5, 'Individual data from NASA'!$K:$K, $L5) -> #DIV/0! | V5: =AVERAGEIFS('Individual data from NASA'!W:W, 'Individual data from NASA'!$C:$C, $F5, 'Individual data from NASA'!$B:$B, $B5, 'Individual data from NASA'!$K:$K, $L5) -> 19.969429 | W5: =AVERAGEIFS('Individual data from NASA'!U:U, 'Individual data from NASA'!$C:$C, $F5, 'Individual data from NASA'!$B:$B, $B5, 'Individual data from NASA'!$K:$K, $L5) -> 11.960933 | X5: {=_xlfn.STDEV.S( _xlfn._xlws.FILTER( 'Individual data from NASA'!M:M, ('Individual data from NASA'!$C:$C=$F5) * ('Individual data from NASA'!$B:$B=$B5) * ('Individual data from NASA'!$K:$K=$L5) ) )} -> 3.9227541e+13 | Y5: {=_xlfn.STDEV.S( _xlfn._xlws.FILTER( 'Individual data from NASA'!N:N, ('Individual data from NASA'!$C:$C=$F5) * ('Individual data from NASA'!$B:$B=$B5) * ('Individual data from NASA'!$K:$K=$L5) ) )} -> 5.6638573e+15 | Z5: {=_xlfn.STDEV.S( _xlfn._xlws.FILTER( 'Individual data from NASA'!O:O, ('Individual data from NASA'!$C:$C=$F5) * ('Individual data from NASA'!$B:$B=$B5) * ('Individual data from NASA'!$K:$K=$L5) ) )} -> 5.675537e+15 | AA5: =(G5-G$2)/G$2 -> 0 | AB5: =(H5-H$2)/H$2 -> 0 | AC5: =(I5-I$2)/I$2 -> 0 | AD5: =(J5-J$2)/J$2 -> 0 | AE5: =(L5-L$2)/L$2 -> 15.25 | AF5: =(M5-M$2)/M$2 -> 3.7401575 | AG5: =(N5-N$2)/N$2 -> -0.93116981 | AH5: =(O5-O$2)/O$2 -> -0.63079783 | AI5: =(P5-P$2)/P$2 -> -0.65151318 | AJ5: =(Q5-Q$2)/Q$2 -> -0.10898146 | AK5: =(R5-R$2)/R$2 -> #DIV/0! | AL5: =(S5-S$2)/S$2 -> #DIV/0! | ... AP5: =(W5-W$2)/W$2 -> -0.2922525
A6: Moore (2015) | B6: APEX | C6: Ground | D6: CFM56-2C1 | E6: 30 | F6: JP-8 | G6: 17.6 | H6: 0.93 | I6: 383 | J6: 13.69 | K6: =AVERAGEIFS('Individual data from NASA'!J:J, 'Individual data from NASA'!$C:$C, $F6, 'Individual data from NASA'!$B:$B, $B6, 'Individual data from NASA'!$K:$K, $L6) + 273.15 -> 300.9 | L6: 85 | M6: =0.845*60*60 -> 3042 | N6: =AVERAGEIFS('Individual data from NASA'!M:M, 'Individual data from NASA'!$C:$C, $F6, 'Individual data from NASA'!$B:$B, $B6, 'Individual data from NASA'!$K:$K, $L6) -> 325000000000000 | O6: =AVERAGEIFS('Individual data from NASA'!N:N, 'Individual data from NASA'!$C:$C, $F6, 'Individual data from NASA'!$B:$B, $B6, 'Individual data from NASA'!$K:$K, $L6) -> 3.9625e+15 | P6: =AVERAGEIFS('Individual data from NASA'!O:O, 'Individual data from NASA'!$C:$C, $F6, 'Individual data from NASA'!$B:$B, $B6, 'Individual data from NASA'!$K:$K, $L6) -> 4.29e+15 | Q6: =AVERAGEIFS('Individual data from NASA'!P:P, 'Individual data from NASA'!$C:$C, $F6, 'Individual data from NASA'!$B:$B, $B6, 'Individual data from NASA'!$K:$K, $L6) -> 88.6045 | R6: =AVERAGEIFS('Individual data from NASA'!Q:Q, 'Individual data from NASA'!$C:$C, $F6, 'Individual data from NASA'!$B:$B, $B6, 'Individual data from NASA'!$K:$K, $L6) -> 0.72917619 | S6: =AVERAGEIFS('Individual data from NASA'!R:R, 'Individual data from NASA'!$C:$C, $F6, 'Individual data from NASA'!$B:$B, $B6, 'Individual data from NASA'!$K:$K, $L6) -> 0.27082381 | T6: =AVERAGEIFS('Individual data from NASA'!S:S, 'Individual data from NASA'!$C:$C, $F6, 'Individual data from NASA'!$B:$B, $B6, 'Individual data from NASA'!$K:$K, $L6) -> 50.532137 | U6: =AVERAGEIFS('Individual data from NASA'!T:T, 'Individual data from NASA'!$C:$C, $F6, 'Individual data from NASA'!$B:$B, $B6, 'Individual data from NASA'!$K:$K, $L6) -> 17.054793 | V6: =AVERAGEIFS('Individual data from NASA'!W:W, 'Individual data from NASA'!$C:$C, $F6, 'Individual data from NASA'!$B:$B, $B6, 'Individual data from NASA'!$K:$K, $L6) -> 26.611386 | W6: =AVERAGEIFS('Individual data from NASA'!U:U, 'Individual data from NASA'!$C:$C, $F6, 'Individual data from NASA'!$B:$B, $B6, 'Individual data from NASA'!$K:$K, $L6) -> 17.228846 | X6: {=_xlfn.STDEV.S( _xlfn._xlws.FILTER( 'Individual data from NASA'!M:M, ('Individual data from NASA'!$C:$C=$F6) * ('Individual data from NASA'!$B:$B=$B6) * ('Individual data from NASA'!$K:$K=$L6) ) )} -> 5.9008474e+13 | Y6: {=_xlfn.STDEV.S( _xlfn._xlws.FILTER( 'Individual data from NASA'!N:N, ('Individual data from NASA'!$C:$C=$F6) * ('Individual data from NASA'!$B:$B=$B6) * ('Individual data from NASA'!$K:$K=$L6) ) )} -> 3.1703982e+15 | Z6: {=_xlfn.STDEV.S( _xlfn._xlws.FILTER( 'Individual data from NASA'!O:O, ('Individual data from NASA'!$C:$C=$F6) * ('Individual data from NASA'!$B:$B=$B6) * ('Individual data from NASA'!$K:$K=$L6) ) )} -> 3.2121748e+15 | AA6: =(G6-G$2)/G$2 -> 0 | AB6: =(H6-H$2)/H$2 -> 0 | AC6: =(I6-I$2)/I$2 -> 0 | AD6: =(J6-J$2)/J$2 -> 0 | AE6: =(L6-L$2)/L$2 -> 20.25 | AF6: =(M6-M$2)/M$2 -> 5.6535433 | AG6: =(N6-N$2)/N$2 -> -0.85983827 | AH6: =(O6-O$2)/O$2 -> -0.87722696 | AI6: =(P6-P$2)/P$2 -> -0.87605634 | AJ6: =(Q6-Q$2)/Q$2 -> 3.2670118 | AK6: =(R6-R$2)/R$2 -> -0.16359694 | AL6: =(S6-S$2)/S$2 -> 1.1125102 | ... AP6: =(W6-W$2)/W$2 -> 0.019458363
A7: Moore (2015) | B7: APEX | C7: Ground | D7: CFM56-2C1 | E7: 30 | F7: JP-8 | G7: 17.6 | H7: 0.93 | I7: 383 | J7: 13.69 | K7: =AVERAGEIFS('Individual data from NASA'!J:J, 'Individual data from NASA'!$C:$C, $F7, 'Individual data from NASA'!$B:$B, $B7, 'Individual data from NASA'!$K:$K, $L7) + 273.15 -> 301.4 | L7: 100 | M7: =0.894*60*60 -> 3218.4 | N7: =AVERAGEIFS('Individual data from NASA'!M:M, 'Individual data from NASA'!$C:$C, $F7, 'Individual data from NASA'!$B:$B, $B7, 'Individual data from NASA'!$K:$K, $L7) -> 415000000000000 | O7: =AVERAGEIFS('Individual data from NASA'!N:N, 'Individual data from NASA'!$C:$C, $F7, 'Individual data from NASA'!$B:$B, $B7, 'Individual data from NASA'!$K:$K, $L7) -> 5.7575e+15 | P7: =AVERAGEIFS('Individual data from NASA'!O:O, 'Individual data from NASA'!$C:$C, $F7, 'Individual data from NASA'!$B:$B, $B7, 'Individual data from NASA'!$K:$K, $L7) -> 6.1325e+15 | Q7: =AVERAGEIFS('Individual data from NASA'!P:P, 'Individual data from NASA'!$C:$C, $F7, 'Individual data from NASA'!$B:$B, $B7, 'Individual data from NASA'!$K:$K, $L7) -> 83.75 | R7: =AVERAGEIFS('Individual data from NASA'!Q:Q, 'Individual data from NASA'!$C:$C, $F7, 'Individual data from NASA'!$B:$B, $B7, 'Individual data from NASA'!$K:$K, $L7) -> 0.73 | S7: =AVERAGEIFS('Individual data from NASA'!R:R, 'Individual data from NASA'!$C:$C, $F7, 'Individual data from NASA'!$B:$B, $B7, 'Individual data from NASA'!$K:$K, $L7) -> 0.27 | T7: =AVERAGEIFS('Individual data from NASA'!S:S, 'Individual data from NASA'!$C:$C, $F7, 'Individual data from NASA'!$B:$B, $B7, 'Individual data from NASA'!$K:$K, $L7) -> 54.296313 | U7: =AVERAGEIFS('Individual data from NASA'!T:T, 'Individual data from NASA'!$C:$C, $F7, 'Individual data from NASA'!$B:$B, $B7, 'Individual data from NASA'!$K:$K, $L7) -> 20.130861 | V7: =AVERAGEIFS('Individual data from NASA'!W:W, 'Individual data from NASA'!$C:$C, $F7, 'Individual data from NASA'!$B:$B, $B7, 'Individual data from NASA'!$K:$K, $L7) -> 23.867048 | W7: =AVERAGEIFS('Individual data from NASA'!U:U, 'Individual data from NASA'!$C:$C, $F7, 'Individual data from NASA'!$B:$B, $B7, 'Individual data from NASA'!$K:$K, $L7) -> 16.150405 | X7: {=_xlfn.STDEV.S( _xlfn._xlws.FILTER( 'Individual data from NASA'!M:M, ('Individual data from NASA'!$C:$C=$F7) * ('Individual data from NASA'!$B:$B=$B7) * ('Individual data from NASA'!$K:$K=$L7) ) )} -> 9.7470508e+13 | Y7: {=_xlfn.STDEV.S( _xlfn._xlws.FILTER( 'Individual data from NASA'!N:N, ('Individual data from NASA'!$C:$C=$F7) * ('Individual data from NASA'!$B:$B=$B7) * ('Individual data from NASA'!$K:$K=$L7) ) )} -> 3.236298e+15 | Z7: {=_xlfn.STDEV.S( _xlfn._xlws.FILTER( 'Individual data from NASA'!O:O, ('Individual data from NASA'!$C:$C=$F7) * ('Individual data from NASA'!$B:$B=$B7) * ('Individual data from NASA'!$K:$K=$L7) ) )} -> 3.2712421e+15 | AA7: =(G7-G$2)/G$2 -> 0 | AB7: =(H7-H$2)/H$2 -> 0 | AC7: =(I7-I$2)/I$2 -> 0 | AD7: =(J7-J$2)/J$2 -> 0 | AE7: =(L7-L$2)/L$2 -> 24 | AF7: =(M7-M$2)/M$2 -> 6.0393701 | AG7: =(N7-N$2)/N$2 -> -0.82102426 | AH7: =(O7-O$2)/O$2 -> -0.82161115 | AI7: =(P7-P$2)/P$2 -> -0.82282412 | AJ7: =(Q7-Q$2)/Q$2 -> 3.033229 | AK7: =(R7-R$2)/R$2 -> -0.16265198 | AL7: =(S7-S$2)/S$2 -> 1.1060842 | ... AP7: =(W7-W$2)/W$2 -> -0.044354734
A8: Moore (2015) | B8: APEX | C8: Ground | D8: CFM56-2C1 | E8: 30 | F8: Sulfur | G8: 17.3 | H8: 1.31 | I8: 1595 | J8: 13.67 | K8: =AVERAGEIFS('Individual data from NASA'!J:J, 'Individual data from NASA'!$C:$C, $F8, 'Individual data from NASA'!$B:$B, $B8, 'Individual data from NASA'!$K:$K, $L8) + 273.15 -> 303.65 | L8: 4 | M8: =0.127*60*60 -> 457.2 | N8: =AVERAGEIFS('Individual data from NASA'!M:M, 'Individual data from NASA'!$C:$C, $F8, 'Individual data from NASA'!$B:$B, $B8, 'Individual data from NASA'!$K:$K, $L8) -> 3.93e+15 | O8: =AVERAGEIFS('Individual data from NASA'!N:N, 'Individual data from NASA'!$C:$C, $F8, 'Individual data from NASA'!$B:$B, $B8, 'Individual data from NASA'!$K:$K, $L8) -> 4.925e+16 | P8: =AVERAGEIFS('Individual data from NASA'!O:O, 'Individual data from NASA'!$C:$C, $F8, 'Individual data from NASA'!$B:$B, $B8, 'Individual data from NASA'!$K:$K, $L8) -> 5.315e+16 | Q8: =AVERAGEIFS('Individual data from NASA'!P:P, 'Individual data from NASA'!$C:$C, $F8, 'Individual data from NASA'!$B:$B, $B8, 'Individual data from NASA'!$K:$K, $L8) -> 7.5175 | R8: =AVERAGEIFS('Individual data from NASA'!Q:Q, 'Individual data from NASA'!$C:$C, $F8, 'Individual data from NASA'!$B:$B, $B8, 'Individual data from NASA'!$K:$K, $L8) -> 0.728 | S8: =AVERAGEIFS('Individual data from NASA'!R:R, 'Individual data from NASA'!$C:$C, $F8, 'Individual data from NASA'!$B:$B, $B8, 'Individual data from NASA'!$K:$K, $L8) -> 0.272 | T8: =AVERAGEIFS('Individual data from NASA'!S:S, 'Individual data from NASA'!$C:$C, $F8, 'Individual data from NASA'!$B:$B, $B8, 'Individual data from NASA'!$K:$K, $L8) -> 108.7842 | U8: =AVERAGEIFS('Individual data from NASA'!T:T, 'Individual data from NASA'!$C:$C, $F8, 'Individual data from NASA'!$B:$B, $B8, 'Individual data from NASA'!$K:$K, $L8) -> 41.138918 | V8: =AVERAGEIFS('Individual data from NASA'!W:W, 'Individual data from NASA'!$C:$C, $F8, 'Individual data from NASA'!$B:$B, $B8, 'Individual data from NASA'!$K:$K, $L8) -> 12.05 | W8: =AVERAGEIFS('Individual data from NASA'!U:U, 'Individual data from NASA'!$C:$C, $F8, 'Individual data from NASA'!$B:$B, $B8, 'Individual data from NASA'!$K:$K, $L8) -> 16.383333 | X8: {=_xlfn.STDEV.S( _xlfn._xlws.FILTER( 'Individual data from NASA'!M:M, ('Individual data from NASA'!$C:$C=$F8) * ('Individual data from NASA'!$B:$B=$B8) * ('Individual data from NASA'!$K:$K=$L8) ) )} -> 8.5404918e+14 | Y8: {=_xlfn.STDEV.S( _xlfn._xlws.FILTER( 'Individual data from NASA'!N:N, ('Individual data from NASA'!$C:$C=$F8) * ('Individual data from NASA'!$B:$B=$B8) * ('Individual data from NASA'!$K:$K=$L8) ) )} -> 8.6862535e+15 | Z8: {=_xlfn.STDEV.S( _xlfn._xlws.FILTER( 'Individual data from NASA'!O:O, ('Individual data from NASA'!$C:$C=$F8) * ('Individual data from NASA'!$B:$B=$B8) * ('Individual data from NASA'!$K:$K=$L8) ) )} -> 9.3901544e+15 | AA8: =(G8-G$2)/G$2 -> -0.017045455 | AB8: =(H8-H$2)/H$2 -> 0.40860215 | AC8: =(I8-I$2)/I$2 -> 3.1644909 | AD8: =(J8-J$2)/J$2 -> -0.0014609204 | AE8: =(L8-L$2)/L$2 -> 0 | AF8: =(M8-M$2)/M$2 -> 0 | AG8: =(N8-N$2)/N$2 -> 0.69487871 | AH8: =(O8-O$2)/O$2 -> 0.52594888 | AI8: =(P8-P$2)/P$2 -> 0.53557241 | AJ8: =(Q8-Q$2)/Q$2 -> -0.63797255 | AK8: =(R8-R$2)/R$2 -> -0.16494609 | AL8: =(S8-S$2)/S$2 -> 1.1216849 | ... AP8: =(W8-W$2)/W$2 -> -0.030571992
A9: Moore (2015) | B9: APEX | C9: Ground | D9: CFM56-2C1 | E9: 30 | F9: Sulfur | G9: 17.3 | H9: 1.31 | I9: 1595 | J9: 13.67 | K9: =AVERAGEIFS('Individual data from NASA'!J:J, 'Individual data from NASA'!$C:$C, $F9, 'Individual data from NASA'!$B:$B, $B9, 'Individual data from NASA'!$K:$K, $L9) + 273.15 -> 298.57857 | L9: 7 | M9: =0.15586*60*60 -> 561.096 | N9: =AVERAGEIFS('Individual data from NASA'!M:M, 'Individual data from NASA'!$C:$C, $F9, 'Individual data from NASA'!$B:$B, $B9, 'Individual data from NASA'!$K:$K, $L9) -> 2.5885714e+15 | O9: =AVERAGEIFS('Individual data from NASA'!N:N, 'Individual data from NASA'!$C:$C, $F9, 'Individual data from NASA'!$B:$B, $B9, 'Individual data from NASA'!$K:$K, $L9) -> 5.9014286e+16 | P9: =AVERAGEIFS('Individual data from NASA'!O:O, 'Individual data from NASA'!$C:$C, $F9, 'Individual data from NASA'!$B:$B, $B9, 'Individual data from NASA'!$K:$K, $L9) -> 6.16e+16 | Q9: =AVERAGEIFS('Individual data from NASA'!P:P, 'Individual data from NASA'!$C:$C, $F9, 'Individual data from NASA'!$B:$B, $B9, 'Individual data from NASA'!$K:$K, $L9) -> 23.148333 | R9: =AVERAGEIFS('Individual data from NASA'!Q:Q, 'Individual data from NASA'!$C:$C, $F9, 'Individual data from NASA'!$B:$B, $B9, 'Individual data from NASA'!$K:$K, $L9) -> 0.779 | S9: =AVERAGEIFS('Individual data from NASA'!R:R, 'Individual data from NASA'!$C:$C, $F9, 'Individual data from NASA'!$B:$B, $B9, 'Individual data from NASA'!$K:$K, $L9) -> 0.221 | T9: =AVERAGEIFS('Individual data from NASA'!S:S, 'Individual data from NASA'!$C:$C, $F9, 'Individual data from NASA'!$B:$B, $B9, 'Individual data from NASA'!$K:$K, $L9) -> 66.878844 | U9: =AVERAGEIFS('Individual data from NASA'!T:T, 'Individual data from NASA'!$C:$C, $F9, 'Individual data from NASA'!$B:$B, $B9, 'Individual data from NASA'!$K:$K, $L9) -> 18.793539 | V9: =AVERAGEIFS('Individual data from NASA'!W:W, 'Individual data from NASA'!$C:$C, $F9, 'Individual data from NASA'!$B:$B, $B9, 'Individual data from NASA'!$K:$K, $L9) -> 11.13826 | W9: =AVERAGEIFS('Individual data from NASA'!U:U, 'Individual data from NASA'!$C:$C, $F9, 'Individual data from NASA'!$B:$B, $B9, 'Individual data from NASA'!$K:$K, $L9) -> 14.801714 | X9: {=_xlfn.STDEV.S( _xlfn._xlws.FILTER( 'Individual data from NASA'!M:M, ('Individual data from NASA'!$C:$C=$F9) * ('Individual data from NASA'!$B:$B=$B9) * ('Individual data from NASA'!$K:$K=$L9) ) )} -> 1.5323667e+15 | Y9: {=_xlfn.STDEV.S( _xlfn._xlws.FILTER( 'Individual data from NASA'!N:N, ('Individual data from NASA'!$C:$C=$F9) * ('Individual data from NASA'!$B:$B=$B9) * ('Individual data from NASA'!$K:$K=$L9) ) )} -> 1.2401536e+16 | Z9: {=_xlfn.STDEV.S( _xlfn._xlws.FILTER( 'Individual data from NASA'!O:O, ('Individual data from NASA'!$C:$C=$F9) * ('Individual data from NASA'!$B:$B=$B9) * ('Individual data from NASA'!$K:$K=$L9) ) )} -> 1.3131387e+16 | AA9: =(G9-G$2)/G$2 -> -0.017045455 | AB9: =(H9-H$2)/H$2 -> 0.40860215 | AC9: =(I9-I$2)/I$2 -> 3.1644909 | AD9: =(J9-J$2)/J$2 -> -0.0014609204 | AE9: =(L9-L$2)/L$2 -> 0.75 | AF9: =(M9-M$2)/M$2 -> 0.22724409 | AG9: =(N9-N$2)/N$2 -> 0.11636504 | AH9: =(O9-O$2)/O$2 -> 0.8284829 | AI9: =(P9-P$2)/P$2 -> 0.77970386 | AJ9: =(Q9-Q$2)/Q$2 -> 0.11477647 | AK9: =(R9-R$2)/R$2 -> -0.10644643 | AL9: =(S9-S$2)/S$2 -> 0.72386895 | ... AP9: =(W9-W$2)/W$2 -> -0.12415893
